MAPbCl3,Li,-1.331,-0.648,-0.153,3.215,0.532,2.178,1.41E-02,3.60E-03,2.90E-02,2.19E-03,3.33E-02,2.55E-02,3.74E-02,1.88E-02,1.98E-02,2.30E-03,8.96E-03,1.14E-02,-0.025,-0.02,0.017,0.031,0.034,0.036,0.034,0.038,0.038,0.041,0.029,1.18E-03
MAPbCl3,Be,-1.626,-0.789,2.771,3.294,0.355,0.151,1.41E-02,7.20E-03,1.72E-02,2.85E-03,2.44E-02,4.42E-02,2.70E-02,-7.53E-02,3.17E-02,3.06E-03,1.79E-02,2.29E-02,-0.02,0.067,0.002,-0.001,0.041,0.029,0.039,0.039,0.037,0.041,0.033,1.30E-03
MAPbBrCl,Li,-1.547,-0.779,0.034,3.14,0.693,2.209,1.41E-02,3.60E-03,2.90E-02,2.19E-03,3.33E-02,2.55E-02,3.74E-02,1.88E-02,1.98E-02,2.30E-03,8.96E-03,1.14E-02,-0.022,-0.018,0.016,0.029,0.035,0.037,0.035,0.038,0.037,0.039,0.032,1.75E-03
MAPbCl3,B,-1.486,0.451,1.874,2.643,4.562,4.141,1.41E-02,4.68E-02,8.79E-03,3.41E-03,2.22E-02,3.93E-02,2.36E-02,8.47E-03,4.11E-02,3.83E-03,2.69E-02,3.43E-02,0.053,0.058,0.046,0.031,0.037,0.036,0.036,0.037,0.039,0.039,0.031,1.83E-03
MAPbBrCl,Be,-1.7,-0.5,2.594,3.255,2.749,2.725,1.41E-02,7.20E-03,1.72E-02,2.85E-03,2.44E-02,4.42E-02,2.70E-02,-7.53E-02,3.17E-02,3.06E-03,1.79E-02,2.29E-02,-0.014,0.065,0.002,0,0.041,0.033,0.039,0.038,0.036,0.038,0.036,1.99E-03
MAPbBr3,Li,-1.102,-0.491,0.223,2.785,1.127,2.499,1.41E-02,3.60E-03,2.90E-02,2.19E-03,3.33E-02,2.55E-02,3.74E-02,1.88E-02,1.98E-02,2.30E-03,8.96E-03,1.14E-02,-0.019,-0.015,0.015,0.026,0.036,0.038,0.037,0.038,0.036,0.037,0.034,2.32E-03
MAPbCl3,C,-1.142,-0.167,1.991,3.478,3.749,6.463,1.41E-02,5.04E-02,6.12E-03,3.79E-03,2.08E-02,5.33E-02,2.19E-02,3.84E-02,5.14E-02,4.60E-03,3.59E-02,4.57E-02,-0.028,-0.016,0.089,0.098,0.033,0.034,0.031,0.038,0.039,0.038,0.032,2.40E-03
MAPbCl3,N,-1.329,-0.521,0.037,0.811,3.747,3.992,1.41E-02,5.40E-02,6.54E-02,4.42E-03,2.03E-02,6.89E-02,2.22E-02,-2.20E-03,6.13E-02,5.36E-03,4.48E-02,3.43E-02,-0.027,-0.022,0.052,0.042,0.038,0.03,0.032,0.039,0.037,0.039,0.031,2.44E-03
MAPbBrCl,B,-1.368,-0.048,1.845,2.905,4.55,4.349,1.41E-02,4.68E-02,8.79E-03,3.41E-03,2.22E-02,3.93E-02,2.36E-02,8.47E-03,4.11E-02,3.83E-03,2.69E-02,3.43E-02,0.052,0.055,0.041,0.033,0.038,0.037,0.037,0.037,0.037,0.037,0.035,2.66E-03
MAPbBr3,Be,-0.911,-1.197,2.8,2.8,1.493,1.415,1.41E-02,7.20E-03,1.72E-02,2.85E-03,2.44E-02,4.42E-02,2.70E-02,-7.53E-02,3.17E-02,3.06E-03,1.79E-02,2.29E-02,-0.008,0.062,0.002,0.001,0.041,0.036,0.039,0.036,0.035,0.035,0.04,2.68E-03
MAPbCl3,O,-0.806,-0.716,-0.029,1.321,3.084,6.58,1.41E-02,5.76E-02,5.35E-02,5.05E-03,1.98E-02,6.45E-02,1.76E-02,4.43E-02,6.94E-02,6.13E-03,1.79E-02,2.29E-02,-0.007,-0.002,0.023,0.056,0.036,0.043,0.033,0.032,0.038,0.034,0.038,2.96E-03
MAPbI3,Li,-1.3,-0.532,0.108,2.597,0.661,1.679,1.41E-02,3.60E-03,2.90E-02,2.19E-03,3.33E-02,2.55E-02,3.74E-02,1.88E-02,1.98E-02,2.30E-03,8.96E-03,1.14E-02,0.01,0.008,0.008,0.017,0.04,0.041,0.037,0.038,0.038,0.045,0.04,3.11E-03
MAPbCl3,F,-0.376,-0.648,0.081,0.234,1.783,4.662,1.41E-02,6.12E-02,5.08E-02,6.00E-03,1.95E-02,8.25E-02,1.74E-02,1.03E-01,8.02E-02,6.89E-03,8.96E-03,1.14E-02,-0.027,-0.022,0.037,0.059,0.037,0.037,0.034,0.038,0.039,0.04,0.032,3.29E-03
MAPbBrCl,C,-1.09,0.211,2.018,3.365,3.414,6.47,1.41E-02,5.04E-02,6.12E-03,3.79E-03,2.08E-02,5.33E-02,2.19E-02,3.84E-02,5.14E-02,4.60E-03,3.59E-02,4.57E-02,-0.007,0.01,0.067,0.081,0.036,0.035,0.035,0.037,0.038,0.037,0.035,3.36E-03
MAPbBrCl,N,-1.474,-0.612,1.398,2.699,0.595,1.061,1.41E-02,5.40E-02,6.54E-02,4.42E-03,2.03E-02,6.89E-02,2.22E-02,-2.20E-03,6.13E-02,5.36E-03,4.48E-02,3.43E-02,-0.011,-0.008,0.017,0.03,0.041,0.033,0.031,0.039,0.038,0.038,0.032,3.44E-03
MAPbBr3,B,-0.835,1.498,2.547,2.667,3.24,3.942,1.41E-02,4.68E-02,8.79E-03,3.41E-03,2.22E-02,3.93E-02,2.36E-02,8.47E-03,4.11E-02,3.83E-03,2.69E-02,3.43E-02,0.051,0.051,0.037,0.036,0.04,0.037,0.038,0.036,0.036,0.036,0.039,3.49E-03
MAPbCl3,Mg,-1.469,-0.627,3.008,3.676,0.605,0.401,2.12E-02,7.20E-03,2.75E-02,7.68E-03,3.68E-02,3.62E-02,3.86E-02,-7.21E-02,2.64E-02,9.19E-03,1.79E-02,2.29E-02,-0.027,0.052,0.004,0.001,0.042,0.029,0.039,0.038,0.038,0.04,0.032,3.85E-03
MAPbBrCl,O,-1.725,-0.529,0.113,0.61,3.23,6.286,1.41E-02,5.76E-02,5.35E-02,5.05E-03,1.98E-02,6.45E-02,1.76E-02,4.43E-02,6.94E-02,6.13E-03,1.79E-02,2.29E-02,-0.002,0.002,0.023,0.052,0.04,0.039,0.033,0.035,0.042,0.036,0.038,4.05E-03
MAPbCl3,Na,-1.359,-1.069,0.706,3.605,-0.403,1.243,2.12E-02,3.60E-03,3.90E-02,7.26E-03,4.17E-02,2.43E-02,4.58E-02,1.65E-02,1.88E-02,8.42E-03,8.96E-03,1.14E-02,-0.017,-0.013,0.005,0.022,0.036,0.038,0.035,0.038,0.038,0.041,0.033,4.15E-03
MAPbBr3,C,-1.185,-0.472,1.399,2.659,4.834,7.656,1.41E-02,5.04E-02,6.12E-03,3.79E-03,2.08E-02,5.33E-02,2.19E-02,3.84E-02,5.14E-02,4.60E-03,3.59E-02,4.57E-02,0.014,0.036,0.045,0.065,0.038,0.037,0.038,0.037,0.037,0.036,0.037,4.31E-03
MAPbBr3,N,-0.959,-0.959,0.14,1.064,0.668,3.49,1.41E-02,5.40E-02,6.54E-02,4.42E-03,2.03E-02,6.89E-02,2.22E-02,-2.20E-03,6.13E-02,5.36E-03,4.48E-02,3.43E-02,0.006,0.006,-0.018,0.017,0.044,0.036,0.029,0.038,0.038,0.037,0.034,4.43E-03
MAPbCl3,Al,-1.182,1.591,2.843,3.581,2.929,0.875,2.12E-02,4.68E-02,2.06E-02,8.52E-03,3.19E-02,2.84E-02,3.45E-02,1.41E-02,3.25E-02,9.96E-03,2.69E-02,3.43E-02,0.049,0.039,0.041,0.009,0.039,0.032,0.038,0.038,0.038,0.041,0.033,4.47E-03
MAPbBrCl,F,-1.551,-0.662,-0.009,1.597,1.138,3.684,1.41E-02,6.12E-02,5.08E-02,6.00E-03,1.95E-02,8.25E-02,1.74E-02,1.03E-01,8.02E-02,6.89E-03,8.96E-03,1.14E-02,-0.021,-0.017,0.036,0.056,0.037,0.037,0.036,0.038,0.042,0.039,0.036,5.04E-03
MAPbCl3,Si,-1.496,-0.248,2.857,3.554,4.372,1.579,2.12E-02,5.04E-02,9.94E-03,8.87E-03,3.00E-02,3.86E-02,3.18E-02,4.19E-02,3.83E-02,1.07E-02,3.59E-02,4.57E-02,0.029,0.044,0.061,0.016,0.037,0.035,0.036,0.038,0.039,0.04,0.034,5.13E-03
MAPbBr3,O,-1.388,-0.644,0.492,1.025,1.38,4.202,1.41E-02,5.76E-02,5.35E-02,5.05E-03,1.98E-02,6.45E-02,1.76E-02,4.43E-02,6.94E-02,6.13E-03,1.79E-02,2.29E-02,0.003,0.005,0.024,0.049,0.043,0.035,0.033,0.038,0.045,0.037,0.038,5.13E-03
MAPbI3,Be,-0.667,-0.305,2.225,2.977,0.934,1.24,1.41E-02,7.20E-03,1.72E-02,2.85E-03,2.44E-02,4.42E-02,2.70E-02,-7.53E-02,3.17E-02,3.06E-03,1.79E-02,2.29E-02,0.006,0.063,0,0.004,0.033,0.047,0.046,0.037,0.039,0.042,0.045,5.14E-03
MAPbCl3,P,-0.643,0.718,2.078,3.532,3.609,3.617,2.12E-02,5.40E-02,6.50E-03,9.78E-03,2.87E-02,4.97E-02,3.09E-02,2.25E-02,4.42E-02,1.15E-02,4.48E-02,5.71E-02,0.041,0.033,0.049,0.038,0.035,0.035,0.035,0.038,0.038,0.039,0.03,5.70E-03
MAPbBrCl,Mg,-0.781,-0.455,2.746,3.448,0.784,0.76,2.12E-02,7.20E-03,2.75E-02,7.68E-03,3.68E-02,3.62E-02,3.86E-02,-7.21E-02,2.64E-02,9.19E-03,1.79E-02,2.29E-02,-0.019,0.042,0.005,0.002,0.042,0.031,0.037,0.038,0.038,0.039,0.033,5.89E-03
MAPbCl3,S,-1.563,-0.537,1.51,3.027,0.895,4.052,2.12E-02,5.76E-02,1.11E-02,1.01E-02,2.76E-02,4.91E-02,3.06E-02,6.29E-02,5.20E-02,1.23E-02,5.38E-02,6.86E-02,0.006,0.004,0.019,0.049,0.035,0.034,0.035,0.038,0.038,0.039,0.029,6.10E-03
MAPbBrCl,Na,-1.375,-0.57,0.598,3.841,1.334,2.86,2.12E-02,3.60E-03,3.90E-02,7.26E-03,4.17E-02,2.43E-02,4.58E-02,1.65E-02,1.88E-02,8.42E-03,8.96E-03,1.14E-02,-0.017,-0.013,0.014,0.027,0.037,0.038,0.037,0.038,0.038,0.039,0.036,6.11E-03
MAPbBrCl,Al,-0.425,1.584,2.397,3.215,3.05,1.486,2.12E-02,4.68E-02,2.06E-02,8.52E-03,3.19E-02,2.84E-02,3.45E-02,1.41E-02,3.25E-02,9.96E-03,2.69E-02,3.43E-02,0.048,0.038,0.036,0.008,0.04,0.033,0.039,0.038,0.037,0.039,0.036,6.56E-03
MAPbCl3,Cl,-0.565,-0.527,0.128,0.852,1.328,6.674,2.12E-02,6.12E-02,6.92E-02,1.12E-02,2.68E-02,6.14E-02,2.39E-02,1.09E-01,6.37E-02,1.30E-02,6.27E-02,1.14E-02,-0.023,-0.007,0.018,0.072,0.035,0.036,0.034,0.038,0.038,0.039,0.029,6.56E-03
MAPbCl3,K,-1.159,-0.654,-0.086,3.317,-0.249,1.397,2.83E-02,3.60E-03,5.77E-02,1.23E-02,5.49E-02,2.06E-02,5.67E-02,1.52E-02,1.65E-02,1.46E-02,8.96E-03,1.14E-02,-0.018,-0.014,0.007,0.023,0.038,0.039,0.039,0.038,0.04,0.038,0.04,6.72E-03
MAPbBr3,F,-1.238,-0.025,0.097,0.319,2.103,4.442,1.41E-02,6.12E-02,5.08E-02,6.00E-03,1.95E-02,8.25E-02,1.74E-02,1.03E-01,8.02E-02,6.89E-03,8.96E-03,1.14E-02,-0.015,-0.012,0.034,0.052,0.037,0.037,0.038,0.038,0.045,0.037,0.04,6.80E-03
MAPbI3,C,-1.013,-0.313,1.797,2.656,4.006,6.041,1.41E-02,5.04E-02,6.12E-03,3.79E-03,2.08E-02,5.33E-02,2.19E-02,3.84E-02,5.14E-02,4.60E-03,3.59E-02,4.57E-02,0.017,0.028,0.053,0.062,0.037,0.041,0.04,0.04,0.039,0.037,0.041,6.82E-03
MAPbI3,B,-0.813,0.598,1.691,2.622,2.45,4.231,1.41E-02,4.68E-02,8.79E-03,3.41E-03,2.22E-02,3.93E-02,2.36E-02,8.47E-03,4.11E-02,3.83E-03,2.69E-02,3.43E-02,0.037,0.047,0.024,0.038,0.03,0.045,0.045,0.037,0.039,0.04,0.043,7.05E-03
MAPbBrCl,Si,-1.097,-0.236,2.722,3.428,4.111,1.759,2.12E-02,5.04E-02,9.94E-03,8.87E-03,3.00E-02,3.86E-02,3.18E-02,4.19E-02,3.83E-02,1.07E-02,3.59E-02,4.57E-02,0.027,0.047,0.051,0.016,0.038,0.037,0.037,0.038,0.038,0.038,0.037,7.54E-03
MAPbCl3,Ca,-1.432,-0.611,2.992,3.615,0.157,-0.047,2.83E-02,7.20E-03,3.82E-02,1.27E-02,4.71E-02,2.90E-02,4.75E-02,-4.89E-02,2.02E-02,1.53E-02,1.79E-02,2.29E-02,-0.022,0.063,0.002,-0.001,0.035,0.037,0.036,0.038,0.038,0.038,0.032,7.58E-03
MAPbI3,N,-0.154,0.666,0.666,1.376,0.539,2.574,1.41E-02,5.40E-02,6.54E-02,4.42E-03,2.03E-02,6.89E-02,2.22E-02,-2.20E-03,6.13E-02,5.36E-03,4.48E-02,3.43E-02,0.02,0.018,-0.025,0.003,0.037,0.04,0.039,0.038,0.038,0.038,0.04,7.82E-03
MAPbBr3,Mg,-1.227,-0.527,2.458,2.979,0.618,0.54,2.12E-02,7.20E-03,2.75E-02,7.68E-03,3.68E-02,3.62E-02,3.86E-02,-7.21E-02,2.64E-02,9.19E-03,1.79E-02,2.29E-02,-0.011,0.033,0.006,0.004,0.042,0.034,0.035,0.038,0.038,0.037,0.035,7.93E-03
MAPbCl3,Sc,-1.118,1.825,3.018,3.662,4.56,2.506,2.83E-02,1.08E-02,2.87E-02,1.42E-02,3.90E-02,3.10E-02,3.87E-02,5.68E-03,2.74E-02,1.61E-02,2.69E-02,3.43E-02,0.041,0.053,0.065,0.027,0.035,0.036,0.035,0.038,0.038,0.038,0.03,8.06E-03
MAPbBr3,Na,-1.359,-0.758,-0.054,2.678,1.214,2.586,2.12E-02,3.60E-03,3.90E-02,7.26E-03,4.17E-02,2.43E-02,4.58E-02,1.65E-02,1.88E-02,8.42E-03,8.96E-03,1.14E-02,-0.017,-0.014,0.023,0.033,0.038,0.039,0.038,0.038,0.038,0.037,0.039,8.08E-03
MAPbBrCl,P,-0.978,1.374,2.463,3.06,3.124,3.792,2.12E-02,5.40E-02,6.50E-03,9.78E-03,2.87E-02,4.97E-02,3.09E-02,2.25E-02,4.42E-02,1.15E-02,4.48E-02,5.71E-02,0.035,0.028,0.04,0.035,0.037,0.035,0.036,0.038,0.038,0.038,0.033,8.14E-03
MAPbCl3,Cr,-1.32,-0.073,2.591,3.662,5.305,4.061,2.83E-02,2.16E-02,2.37E-02,1.64E-02,3.19E-02,3.21E-02,3.01E-02,2.01E-02,3.35E-02,1.84E-02,5.38E-02,3.43E-02,-0.005,0.022,0.073,0.042,0.039,0.031,0.039,0.038,0.038,0.038,0.033,8.23E-03
MAPbCl3,Mn,-1.523,-0.65,2.866,3.626,2.726,2.522,2.83E-02,2.52E-02,2.56E-02,1.73E-02,3.17E-02,3.52E-02,2.99E-02,0.00E+00,3.13E-02,1.91E-02,6.27E-02,4.57E-02,-0.016,0.04,0.036,0.025,0.041,0.03,0.038,0.038,0.038,0.039,0.03,8.27E-03
MAPbCl3,Fe,-1.204,-0.481,2.711,3.632,3.408,2.991,2.83E-02,2.88E-02,2.10E-02,1.76E-02,3.17E-02,3.73E-02,2.99E-02,7.53E-03,3.69E-02,1.99E-02,5.38E-02,3.43E-02,-0.002,0.035,0.043,0.028,0.042,0.029,0.04,0.038,0.038,0.04,0.032,8.39E-03
MAPbCl3,Ti,-1.607,0.718,3.009,3.504,4.294,2.912,2.83E-02,1.44E-02,2.33E-02,1.51E-02,3.57E-02,3.23E-02,3.49E-02,6.27E-03,3.10E-02,1.68E-02,3.59E-02,4.57E-02,0.012,0.038,0.061,0.032,0.034,0.035,0.034,0.038,0.038,0.039,0.029,8.60E-03
MAPbBr3,Al,-1.054,1.482,1.948,2.898,2.653,1.125,2.12E-02,4.68E-02,2.06E-02,8.52E-03,3.19E-02,2.84E-02,3.45E-02,1.41E-02,3.25E-02,9.96E-03,2.69E-02,3.43E-02,0.047,0.038,0.031,0.007,0.041,0.034,0.039,0.038,0.036,0.037,0.038,8.64E-03
MAPbBrCl,S,-0.667,-0.423,0.718,1.466,1.443,4.38,2.12E-02,5.76E-02,1.11E-02,1.01E-02,2.76E-02,4.91E-02,3.06E-02,6.29E-02,5.20E-02,1.23E-02,5.38E-02,6.86E-02,-0.001,-0.001,0.015,0.043,0.036,0.034,0.041,0.038,0.041,0.038,0.036,8.91E-03
MAPbCl3,Co,-1.6,-0.659,2.106,3.5,3.137,3.523,2.83E-02,3.24E-02,2.48E-02,1.86E-02,3.14E-02,3.72E-02,3.02E-02,2.20E-02,3.79E-02,2.07E-02,2.69E-02,2.29E-02,-0.02,-0.008,0.087,0.071,0.04,0.03,0.039,0.038,0.038,0.041,0.031,9.03E-03
MAPbCl3,V,-1.108,0.031,2.995,3.503,4.93,3.94,2.83E-02,1.80E-02,2.06E-02,1.61E-02,3.30E-02,3.19E-02,3.18E-02,1.57E-02,3.29E-02,1.76E-02,4.48E-02,5.71E-02,-0.01,0.027,0.07,0.043,0.034,0.035,0.034,0.038,0.038,0.039,0.028,9.07E-03
MAPbCl3,Ni,-1.776,-0.724,1.48,3.529,3.099,3.895,2.83E-02,3.60E-02,2.64E-02,1.85E-02,3.11E-02,3.62E-02,3.00E-02,3.48E-02,3.85E-02,2.14E-02,2.69E-02,2.29E-02,-0.014,0.009,0.038,0.038,0.041,0.029,0.039,0.038,0.038,0.041,0.032,9.21E-03
MAPbI3,O,-0.85,0.191,0.196,1.944,1.318,3.353,1.41E-02,5.76E-02,5.35E-02,5.05E-03,1.98E-02,6.45E-02,1.76E-02,4.43E-02,6.94E-02,6.13E-03,1.79E-02,2.29E-02,0.011,0.008,0.018,0.036,0.036,0.04,0.04,0.038,0.038,0.039,0.039,9.29E-03
MAPbCl3,Zn,-1.545,-0.754,2.925,3.629,0.982,0.814,2.83E-02,4.32E-02,2.83E-02,2.06E-02,3.38E-02,4.45E-02,3.21E-02,0.00E+00,3.33E-02,2.30E-02,1.79E-02,2.29E-02,-0.024,0.042,0.009,0.005,0.042,0.027,0.04,0.038,0.039,0.04,0.034,9.51E-03
MAPbBrCl,Cl,-1.125,-0.716,0.809,1.585,1.179,5.775,2.12E-02,6.12E-02,6.92E-02,1.12E-02,2.68E-02,6.14E-02,2.39E-02,1.09E-01,6.37E-02,1.30E-02,6.27E-02,1.14E-02,-0.019,-0.004,0.017,0.057,0.036,0.037,0.035,0.038,0.039,0.038,0.035,9.62E-03
MAPbCl3,Cu,-1.626,-0.689,0.476,3.457,2.035,3.821,2.83E-02,3.96E-02,2.79E-02,2.00E-02,3.17E-02,3.66E-02,3.08E-02,3.71E-02,3.83E-02,2.22E-02,1.79E-02,2.29E-02,-0.021,-0.009,0.025,0.039,0.04,0.03,0.039,0.038,0.038,0.038,0.031,9.73E-03
MAPbBrCl,K,-1.706,-0.868,-0.01,3.266,0.39,1.916,2.83E-02,3.60E-03,5.77E-02,1.23E-02,5.49E-02,2.06E-02,5.67E-02,1.52E-02,1.65E-02,1.46E-02,8.96E-03,1.14E-02,-0.012,-0.007,0.009,0.023,0.039,0.041,0.04,0.038,0.038,0.037,0.041,9.91E-03
MAPbBr3,Si,-0.647,-0.238,2.386,2.988,3.199,1.832,2.12E-02,5.04E-02,9.94E-03,8.87E-03,3.00E-02,3.86E-02,3.18E-02,4.19E-02,3.83E-02,1.07E-02,3.59E-02,4.57E-02,0.026,0.05,0.04,0.016,0.039,0.039,0.038,0.038,0.037,0.037,0.04,9.96E-03
MAPbCl3,Ga,0.201,0.467,1.225,3.626,2.251,1.304,2.83E-02,4.68E-02,2.37E-02,2.20E-02,3.41E-02,2.84E-02,3.40E-02,9.10E-03,3.65E-02,2.37E-02,2.69E-02,3.43E-02,0.024,0.023,0.024,0.008,0.04,0.032,0.039,0.038,0.038,0.04,0.033,1.05E-02
MAPbBr3,P,-0.881,0.909,1.787,2.931,2.686,3.453,2.12E-02,5.40E-02,6.50E-03,9.78E-03,2.87E-02,4.97E-02,3.09E-02,2.25E-02,4.42E-02,1.15E-02,4.48E-02,5.71E-02,0.03,0.024,0.031,0.032,0.039,0.036,0.037,0.038,0.038,0.037,0.036,1.06E-02
MAPbBrCl,Ca,-1.145,-0.533,2.728,3.378,0.402,0.378,2.83E-02,7.20E-03,3.82E-02,1.27E-02,4.71E-02,2.90E-02,4.75E-02,-4.89E-02,2.02E-02,1.53E-02,1.79E-02,2.29E-02,0.003,0.077,0.001,-0.001,0.036,0.038,0.037,0.038,0.038,0.038,0.035,1.12E-02
MAPbBr3,S,-1.291,-0.201,0.407,1.111,1.473,4.202,2.12E-02,5.76E-02,1.11E-02,1.01E-02,2.76E-02,4.91E-02,3.06E-02,6.29E-02,5.20E-02,1.23E-02,5.38E-02,6.86E-02,-0.007,-0.006,0.01,0.038,0.038,0.034,0.048,0.038,0.043,0.037,0.043,1.17E-02
MAPbCl3,Ge,-1.486,-0.36,2.835,3.713,2.305,1.2,2.83E-02,5.04E-02,2.03E-02,2.29E-02,3.30E-02,3.74E-02,3.30E-02,3.76E-02,4.05E-02,2.45E-02,3.59E-02,4.57E-02,0.012,0.039,0.029,0.011,0.037,0.036,0.036,0.038,0.039,0.04,0.034,1.17E-02
MAPbBrCl,Mn,-0.719,-0.424,2.656,3.327,2.874,2.85,2.83E-02,2.52E-02,2.56E-02,1.73E-02,3.17E-02,3.52E-02,2.99E-02,0.00E+00,3.13E-02,1.91E-02,6.27E-02,4.57E-02,-0.01,0.042,0.035,0.025,0.042,0.03,0.04,0.038,0.036,0.038,0.034,1.19E-02
MAPbBrCl,Sc,-0.876,1.787,2.824,3.371,4.583,3.019,2.83E-02,1.08E-02,2.87E-02,1.42E-02,3.90E-02,3.10E-02,3.87E-02,5.68E-03,2.74E-02,1.61E-02,2.69E-02,3.43E-02,0.042,0.052,0.043,0.022,0.036,0.037,0.036,0.038,0.038,0.038,0.033,1.20E-02
MAPbBrCl,Cr,-0.692,-0.035,2.222,3.183,5.255,4.411,2.83E-02,2.16E-02,2.37E-02,1.64E-02,3.19E-02,3.21E-02,3.01E-02,2.01E-02,3.35E-02,1.84E-02,5.38E-02,3.43E-02,0,0.017,0.072,0.044,0.04,0.033,0.037,0.038,0.038,0.038,0.033,1.20E-02
MAPbI3,Na,-0.862,-0.698,0.868,2.861,1.332,2.35,2.12E-02,3.60E-03,3.90E-02,7.26E-03,4.17E-02,2.43E-02,4.58E-02,1.65E-02,1.88E-02,8.42E-03,8.96E-03,1.14E-02,0.01,0.008,0.021,0.027,0.038,0.038,0.036,0.038,0.038,0.041,0.047,1.22E-02
MAPbBrCl,V,-0.768,-0.005,2.831,3.458,4.881,4.291,2.83E-02,1.80E-02,2.06E-02,1.61E-02,3.30E-02,3.19E-02,3.18E-02,1.57E-02,3.29E-02,1.76E-02,4.48E-02,5.71E-02,-0.002,0.031,0.064,0.043,0.038,0.035,0.034,0.038,0.038,0.038,0.031,1.22E-02
MAPbBrCl,Fe,-0.813,-0.535,2.569,2.457,3.272,3.075,2.83E-02,2.88E-02,2.10E-02,1.76E-02,3.17E-02,3.73E-02,2.99E-02,7.53E-03,3.69E-02,1.99E-02,5.38E-02,3.43E-02,0.003,0.036,0.038,0.03,0.043,0.029,0.041,0.038,0.036,0.039,0.035,1.23E-02
MAPbI3,F,-0.771,-0.331,0.33,1.335,0.641,2.676,1.41E-02,6.12E-02,5.08E-02,6.00E-03,1.95E-02,8.25E-02,1.74E-02,1.03E-01,8.02E-02,6.89E-03,8.96E-03,1.14E-02,-0.004,-0.003,-0.005,0.018,0.031,0.045,0.044,0.036,0.038,0.036,0.044,1.23E-02
MAPbBrCl,Ti,-1.099,0.711,2.786,3.544,4.267,3.285,2.83E-02,1.44E-02,2.33E-02,1.51E-02,3.57E-02,3.23E-02,3.49E-02,6.27E-03,3.10E-02,1.68E-02,3.59E-02,4.57E-02,0.014,0.039,0.06,0.032,0.036,0.036,0.035,0.038,0.038,0.038,0.031,1.25E-02
MAPbBr3,Cl,-1.164,-0.434,0.382,1.445,1.402,4.117,2.12E-02,6.12E-02,6.92E-02,1.12E-02,2.68E-02,6.14E-02,2.39E-02,1.09E-01,6.37E-02,1.30E-02,6.27E-02,1.14E-02,-0.015,-0.001,0.016,0.042,0.037,0.038,0.036,0.038,0.039,0.037,0.04,1.27E-02
MAPbCl3,As,-0.66,1.161,2.415,3.937,2.453,3.059,2.83E-02,5.40E-02,2.22E-02,2.37E-02,3.25E-02,4.65E-02,3.35E-02,2.41E-02,4.35E-02,2.53E-02,4.48E-02,3.43E-02,0.029,0.023,0.03,0.03,0.035,0.035,0.034,0.038,0.038,0.039,0.029,1.27E-02
MAPbCl3,Rb,-1.376,-0.799,-0.153,3.228,0.436,2.082,3.53E-02,3.60E-03,6.15E-02,2.70E-02,5.85E-02,1.98E-02,5.98E-02,1.47E-02,1.65E-02,2.83E-02,3.59E-02,1.14E-02,-0.015,-0.012,0.015,0.029,0.039,0.04,0.04,0.038,0.037,0.037,0.043,1.27E-02
MAPbBrCl,Co,-0.639,-0.416,2.108,3.247,3.108,3.494,2.83E-02,3.24E-02,2.48E-02,1.86E-02,3.14E-02,3.72E-02,3.02E-02,2.20E-02,3.79E-02,2.07E-02,2.69E-02,2.29E-02,-0.012,0.01,0.062,0.052,0.042,0.029,0.041,0.038,0.036,0.039,0.034,1.29E-02
MAPbCl3,Se,-0.357,0.569,1.34,3.175,2.474,4.215,2.83E-02,5.76E-02,1.91E-02,2.49E-02,3.14E-02,4.62E-02,3.37E-02,6.11E-02,5.14E-02,2.60E-02,5.38E-02,4.57E-02,0.003,0.002,0.026,0.039,0.035,0.034,0.036,0.038,0.038,0.039,0.03,1.30E-02
MAPbBr3,K,-1.381,-0.802,-0.15,2.622,0.565,1.937,2.83E-02,3.60E-03,5.77E-02,1.23E-02,5.49E-02,2.06E-02,5.67E-02,1.52E-02,1.65E-02,1.46E-02,8.96E-03,1.14E-02,-0.007,0,0.011,0.023,0.04,0.043,0.04,0.038,0.036,0.037,0.042,1.31E-02
MAPbCl3,Br,-0.788,-0.282,0.434,1.736,1.164,4.553,2.83E-02,6.12E-02,7.49E-02,2.52E-02,3.09E-02,5.60E-02,2.75E-02,1.02E-01,5.97E-02,2.68E-02,6.27E-02,1.14E-02,-0.013,0.002,0.011,0.045,0.035,0.036,0.035,0.038,0.038,0.039,0.031,1.33E-02
MAPbBrCl,Ni,-1.374,-0.478,1.358,3.169,3.212,4.009,2.83E-02,3.60E-02,2.64E-02,1.85E-02,3.11E-02,3.62E-02,3.00E-02,3.48E-02,3.85E-02,2.14E-02,2.69E-02,2.29E-02,-0.008,0.01,0.04,0.04,0.042,0.029,0.04,0.038,0.036,0.039,0.034,1.36E-02
MAPbCl3,Sr,-1.469,-0.637,3.004,3.616,0.211,0.007,3.53E-02,7.20E-03,4.82E-02,2.77E-02,5.17E-02,2.70E-02,5.18E-02,-5.27E-02,1.92E-02,2.91E-02,1.79E-02,2.29E-02,-0.019,0.064,0.002,0,0.037,0.038,0.037,0.038,0.038,0.038,0.035,1.39E-02
MAPbI3,Mg,-0.846,-0.328,2.238,2.653,0.368,0.369,2.12E-02,7.20E-03,2.75E-02,7.68E-03,3.68E-02,3.62E-02,3.86E-02,-7.21E-02,2.64E-02,9.19E-03,1.79E-02,2.29E-02,0.007,0.027,0.004,0.003,0.036,0.039,0.044,0.038,0.038,0.038,0.042,1.40E-02
MAPbBrCl,Zn,-1.441,-0.418,2.492,2.889,1.361,1.337,2.83E-02,4.32E-02,2.83E-02,2.06E-02,3.38E-02,4.45E-02,3.21E-02,0.00E+00,3.33E-02,2.30E-02,1.79E-02,2.29E-02,-0.016,0.041,0.009,0.005,0.043,0.028,0.042,0.038,0.036,0.039,0.036,1.40E-02
MAPbBrCl,Cu,-1.385,-0.631,0.487,3.143,1.893,3.679,2.83E-02,3.96E-02,2.79E-02,2.00E-02,3.17E-02,3.66E-02,3.08E-02,3.71E-02,3.83E-02,2.22E-02,1.79E-02,2.29E-02,-0.014,-0.006,0.027,0.04,0.041,0.03,0.039,0.038,0.037,0.038,0.034,1.42E-02
MAPbCl3,Y,-1.1,2.279,2.919,3.326,3.197,1.143,3.53E-02,1.08E-02,3.90E-02,2.81E-02,4.38E-02,3.02E-02,4.36E-02,0.00E+00,2.46E-02,2.99E-02,2.69E-02,3.43E-02,0.077,0.062,0.059,0.023,0.035,0.037,0.036,0.038,0.039,0.038,0.033,1.47E-02
MAPbI3,Al,-0.656,0.578,1.782,2.707,1.657,1.004,2.12E-02,4.68E-02,2.06E-02,8.52E-03,3.19E-02,2.84E-02,3.45E-02,1.41E-02,3.25E-02,9.96E-03,2.69E-02,3.43E-02,0.032,0.026,0.02,0.008,0.037,0.04,0.041,0.038,0.038,0.038,0.042,1.47E-02
MAPbBr3,Ca,-1.216,-0.529,2.415,2.981,0.152,0.074,2.83E-02,7.20E-03,3.82E-02,1.27E-02,4.71E-02,2.90E-02,4.75E-02,-4.89E-02,2.02E-02,1.53E-02,1.79E-02,2.29E-02,0.028,0.09,0,0,0.037,0.039,0.037,0.038,0.038,0.037,0.038,1.48E-02
MAPbCl3,Rh,-1.669,-0.409,1.558,3.719,2.12,5.459,3.53E-02,3.24E-02,2.56E-02,3.25E-02,3.38E-02,3.54E-02,3.24E-02,3.76E-02,4.60E-02,3.45E-02,5.38E-02,3.43E-02,-0.004,0.011,0.028,0.058,0.04,0.031,0.038,0.038,0.038,0.038,0.032,1.51E-02
MAPbI3,Si,-0.901,-0.119,2.206,2.954,1.543,1.685,2.12E-02,5.04E-02,9.94E-03,8.87E-03,3.00E-02,3.86E-02,3.18E-02,4.19E-02,3.83E-02,1.07E-02,3.59E-02,4.57E-02,0.03,0.038,0.02,0.017,0.039,0.041,0.04,0.038,0.037,0.039,0.045,1.51E-02
MAPbBr3,V,-0.913,-0.145,2.47,3.101,4.228,4.15,2.83E-02,1.80E-02,2.06E-02,1.61E-02,3.30E-02,3.19E-02,3.18E-02,1.57E-02,3.29E-02,1.76E-02,4.48E-02,5.71E-02,0.005,0.034,0.058,0.044,0.041,0.035,0.034,0.038,0.038,0.037,0.034,1.53E-02
MAPbCl3,Zr,0.145,2.379,3.262,3.852,5.595,1.691,3.53E-02,1.44E-02,3.21E-02,2.88E-02,3.92E-02,3.24E-02,3.86E-02,1.57E-02,2.68E-02,3.06E-02,3.59E-02,4.57E-02,0.053,0.046,0.08,0.019,0.035,0.036,0.035,0.038,0.038,0.038,0.031,1.54E-02
MAPbBrCl,Ga,-0.938,0.618,1.157,3.121,1.986,1.258,2.83E-02,4.68E-02,2.37E-02,2.20E-02,3.41E-02,2.84E-02,3.40E-02,9.10E-03,3.65E-02,2.37E-02,2.69E-02,3.43E-02,0.025,0.023,0.021,0.008,0.041,0.033,0.039,0.038,0.037,0.039,0.035,1.55E-02
MAPbBr3,Mn,-1.221,-0.525,2.387,2.973,2.821,2.743,2.83E-02,2.52E-02,2.56E-02,1.73E-02,3.17E-02,3.52E-02,2.99E-02,0.00E+00,3.13E-02,1.91E-02,6.27E-02,4.57E-02,-0.004,0.044,0.034,0.025,0.044,0.03,0.042,0.038,0.034,0.037,0.039,1.56E-02
MAPbBr3,Cr,-1.113,-0.217,1.9,2.853,4.998,4.276,2.83E-02,2.16E-02,2.37E-02,1.64E-02,3.19E-02,3.21E-02,3.01E-02,2.01E-02,3.35E-02,1.84E-02,5.38E-02,3.43E-02,0.006,0.012,0.071,0.046,0.042,0.034,0.034,0.038,0.038,0.037,0.033,1.58E-02
MAPbCl3,Nb,-0.696,1.412,3.099,3.615,5.194,3.326,3.53E-02,1.80E-02,2.45E-02,2.93E-02,3.63E-02,3.26E-02,3.44E-02,3.01E-02,3.23E-02,3.14E-02,4.48E-02,5.71E-02,0.027,0.046,0.074,0.037,0.034,0.036,0.034,0.038,0.038,0.039,0.029,1.59E-02
MAPbBr3,Sc,-0.869,1.567,2.448,3.033,1.803,1.725,2.83E-02,1.08E-02,2.87E-02,1.42E-02,3.90E-02,3.10E-02,3.87E-02,5.68E-03,2.74E-02,1.61E-02,2.69E-02,3.43E-02,0.043,0.05,0.022,0.016,0.036,0.038,0.037,0.038,0.038,0.037,0.035,1.59E-02
MAPbCl3,Ru,-0.706,-0.194,2.616,3.757,2.537,6.033,3.53E-02,2.88E-02,2.37E-02,3.19E-02,3.38E-02,3.49E-02,3.19E-02,3.45E-02,4.44E-02,3.37E-02,7.17E-02,3.43E-02,0.005,0.02,0.037,0.067,0.037,0.034,0.035,0.038,0.038,0.038,0.031,1.60E-02
MAPbBr3,Fe,-0.99,-0.634,3.018,3.018,2.522,3.145,2.83E-02,2.88E-02,2.10E-02,1.76E-02,3.17E-02,3.73E-02,2.99E-02,7.53E-03,3.69E-02,1.99E-02,5.38E-02,3.43E-02,0.008,0.037,0.032,0.032,0.044,0.029,0.043,0.038,0.034,0.037,0.038,1.62E-02
MAPbCl3,Mo,-1.029,1.239,2.988,3.841,2.109,4.676,3.53E-02,2.16E-02,2.26E-02,3.03E-02,3.52E-02,3.36E-02,3.28E-02,3.01E-02,4.35E-02,3.22E-02,5.38E-02,6.86E-02,0.029,0.023,0.032,0.052,0.035,0.035,0.035,0.038,0.038,0.039,0.029,1.63E-02
MAPbBr3,Ti,-0.9,0.571,2.431,3.068,4.33,3.113,2.83E-02,1.44E-02,2.33E-02,1.51E-02,3.57E-02,3.23E-02,3.49E-02,6.27E-03,3.10E-02,1.68E-02,3.59E-02,4.57E-02,0.017,0.041,0.059,0.032,0.037,0.037,0.035,0.038,0.038,0.037,0.034,1.63E-02
MAPbCl3,Tc,-0.876,0.364,3.106,3.736,2.657,5.184,3.53E-02,2.52E-02,2.14E-02,3.09E-02,3.44E-02,3.45E-02,3.27E-02,2.20E-02,3.83E-02,3.29E-02,6.27E-02,8.00E-02,0.017,0.029,0.039,0.057,0.035,0.036,0.035,0.038,0.038,0.038,0.031,1.64E-02
MAPbBr3,Co,-1.279,-0.644,1.89,2.945,2.963,3.516,2.83E-02,3.24E-02,2.48E-02,1.86E-02,3.14E-02,3.72E-02,3.02E-02,2.20E-02,3.79E-02,2.07E-02,2.69E-02,2.29E-02,-0.004,0.028,0.036,0.034,0.044,0.028,0.043,0.038,0.033,0.037,0.037,1.68E-02
MAPbI3,P,-0.733,0.926,2.034,2.872,1.349,3.145,2.12E-02,5.40E-02,6.50E-03,9.78E-03,2.87E-02,4.97E-02,3.09E-02,2.25E-02,4.42E-02,1.15E-02,4.48E-02,5.71E-02,0.033,0.026,0.011,0.028,0.037,0.041,0.04,0.038,0.038,0.039,0.041,1.71E-02
MAPbI3,S,-0.634,0.098,0.653,2.084,1.269,3.304,2.12E-02,5.76E-02,1.11E-02,1.01E-02,2.76E-02,4.91E-02,3.06E-02,6.29E-02,5.20E-02,1.23E-02,5.38E-02,6.86E-02,0.015,0.019,0.012,0.031,0.039,0.041,0.038,0.038,0.038,0.039,0.04,1.71E-02
MAPbBrCl,Ge,-1.377,-0.471,2.705,3.405,1.756,1.091,2.83E-02,5.04E-02,2.03E-02,2.29E-02,3.30E-02,3.74E-02,3.30E-02,3.76E-02,4.05E-02,2.45E-02,3.59E-02,4.57E-02,0.012,0.036,0.024,0.01,0.038,0.037,0.037,0.038,0.038,0.038,0.036,1.72E-02
MAPbCl3,Pd,-1.361,-0.47,1.181,3.274,0.98,4.438,3.53E-02,3.60E-02,2.45E-02,3.36E-02,3.46E-02,3.95E-02,3.31E-02,1.88E-02,4.44E-02,3.52E-02,3.59E-02,2.29E-02,-0.011,-0.009,0.015,0.049,0.036,0.033,0.036,0.038,0.038,0.039,0.03,1.72E-02
MAPbBr3,Ni,-1.192,-0.519,1.156,2.821,2.973,3.87,2.83E-02,3.60E-02,2.64E-02,1.85E-02,3.11E-02,3.62E-02,3.00E-02,3.48E-02,3.85E-02,2.14E-02,2.69E-02,2.29E-02,-0.002,0.011,0.042,0.042,0.043,0.03,0.041,0.038,0.034,0.037,0.036,1.80E-02
MAPbBrCl,As,-0.988,1.249,2.316,3.26,2.255,3.081,2.83E-02,5.40E-02,2.22E-02,2.37E-02,3.25E-02,4.65E-02,3.35E-02,2.41E-02,4.35E-02,2.53E-02,4.48E-02,3.43E-02,0.031,0.025,0.025,0.028,0.037,0.036,0.036,0.038,0.038,0.038,0.033,1.82E-02
MAPbCl3,Sn,-1.464,-0.332,2.887,3.621,1.619,0.378,3.53E-02,5.04E-02,2.71E-02,3.75E-02,3.82E-02,3.48E-02,3.91E-02,3.79E-02,3.95E-02,3.83E-02,3.59E-02,4.57E-02,0.024,0.043,0.023,0.004,0.037,0.037,0.037,0.038,0.038,0.039,0.035,1.82E-02
MAPbI3,K,-1.745,-0.61,-0.038,2.373,0.651,1.669,2.83E-02,3.60E-03,5.77E-02,1.23E-02,5.49E-02,2.06E-02,5.67E-02,1.52E-02,1.65E-02,1.46E-02,8.96E-03,1.14E-02,0.008,0.011,0.01,0.019,0.043,0.044,0.043,0.038,0.038,0.037,0.056,1.83E-02
MAPbCl3,Cd,-1.445,-0.64,2.777,3.817,0.311,0.924,3.53E-02,4.32E-02,3.63E-02,3.55E-02,3.82E-02,4.26E-02,3.59E-02,0.00E+00,3.41E-02,3.68E-02,1.79E-02,2.29E-02,-0.028,0.002,0.005,0.011,0.035,0.035,0.035,0.038,0.038,0.038,0.03,1.84E-02
MAPbCl3,Ag,-1.5,-0.737,0.195,3.479,0.256,3.669,3.53E-02,3.96E-02,4.40E-02,3.41E-02,3.63E-02,3.59E-02,3.48E-02,3.94E-02,3.89E-02,3.60E-02,1.79E-02,1.14E-02,-0.024,-0.02,0.004,0.04,0.034,0.035,0.035,0.038,0.038,0.039,0.028,1.84E-02
MAPbI3,Cl,-0.757,-0.193,0.581,1.679,1.121,3.156,2.12E-02,6.12E-02,6.92E-02,1.12E-02,2.68E-02,6.14E-02,2.39E-02,1.09E-01,6.37E-02,1.30E-02,6.27E-02,1.14E-02,0.002,0.008,0.011,0.031,0.038,0.04,0.039,0.038,0.038,0.038,0.041,1.84E-02
MAPbBr3,Zn,-1.057,-0.655,2.25,2.916,0.888,0.81,2.83E-02,4.32E-02,2.83E-02,2.06E-02,3.38E-02,4.45E-02,3.21E-02,0.00E+00,3.33E-02,2.30E-02,1.79E-02,2.29E-02,-0.008,0.04,0.008,0.006,0.045,0.028,0.043,0.038,0.033,0.037,0.037,1.85E-02
MAPbCl3,In,-0.325,0.675,1.576,3.728,1.397,0.879,3.53E-02,4.68E-02,3.06E-02,3.63E-02,3.90E-02,2.74E-02,4.00E-02,9.10E-03,3.59E-02,3.75E-02,2.69E-02,3.43E-02,0.019,0.015,0.016,0.007,0.035,0.036,0.036,0.038,0.038,0.038,0.032,1.86E-02
MAPbBr3,Cu,-1.226,-0.559,0.419,2.789,1.841,3.591,2.83E-02,3.96E-02,2.79E-02,2.00E-02,3.17E-02,3.66E-02,3.08E-02,3.71E-02,3.83E-02,2.22E-02,1.79E-02,2.29E-02,-0.006,-0.002,0.028,0.041,0.043,0.03,0.04,0.038,0.036,0.037,0.037,1.86E-02
MAPbBrCl,Rb,-1.65,-0.881,-0.012,3.272,0.587,2.103,3.53E-02,3.60E-03,6.15E-02,2.70E-02,5.85E-02,1.98E-02,5.98E-02,1.47E-02,1.65E-02,2.83E-02,3.59E-02,1.14E-02,-0.011,-0.005,0.013,0.026,0.04,0.042,0.04,0.038,0.038,0.037,0.044,1.89E-02
MAPbCl3,Sb,-1.087,1.589,2.697,3.582,2.816,2.412,3.53E-02,5.40E-02,2.90E-02,3.84E-02,3.79E-02,4.09E-02,3.83E-02,3.17E-02,4.13E-02,3.91E-02,4.48E-02,3.43E-02,0.039,0.031,0.034,0.022,0.036,0.037,0.036,0.038,0.038,0.038,0.033,1.91E-02
MAPbCl3,Cs,-1.513,-0.84,-0.23,3.171,0.565,2.211,4.24E-02,3.60E-03,6.65E-02,4.20E-02,6.36E-02,1.84E-02,6.44E-02,1.43E-02,1.59E-02,4.21E-02,8.96E-03,1.14E-02,-0.023,-0.019,0.023,0.035,0.038,0.04,0.038,0.038,0.038,0.031,0.044,1.92E-02
MAPbCl3,Te,-1.04,0.562,1.748,3.65,3.02,3.436,3.53E-02,5.76E-02,3.71E-02,4.03E-02,3.68E-02,4.27E-02,3.86E-02,5.96E-02,4.23E-02,3.98E-02,5.38E-02,4.57E-02,0.022,0.018,0.034,0.03,0.036,0.036,0.038,0.038,0.038,0.038,0.034,1.94E-02
MAPbCl3,I,-0.556,-0.096,0.737,2.117,0.654,4.15,3.53E-02,6.12E-02,8.41E-02,4.01E-02,3.60E-02,4.95E-02,3.21E-02,9.26E-02,5.36E-02,4.06E-02,6.27E-02,1.14E-02,0.006,0.016,0,0.038,0.036,0.038,0.036,0.038,0.038,0.038,0.035,1.95E-02
MAPbCl3,Ba,-1.52,-0.7,2.928,3.546,0.512,0.308,4.24E-02,7.20E-03,5.43E-02,4.34E-02,5.36E-02,2.47E-02,5.35E-02,-1.63E-02,1.79E-02,4.29E-02,1.79E-02,2.29E-02,-0.014,0.065,0.006,0.002,0.038,0.039,0.039,0.038,0.038,0.037,0.04,1.96E-02
MAPbBrCl,Se,-1.081,0.17,1.469,2.074,1.624,3.806,2.83E-02,5.76E-02,1.91E-02,2.49E-02,3.14E-02,4.62E-02,3.37E-02,6.11E-02,5.14E-02,2.60E-02,5.38E-02,4.57E-02,0.005,0.004,0.019,0.035,0.035,0.036,0.037,0.038,0.038,0.038,0.032,2.01E-02
MAPbBrCl,Sr,-1.663,-0.751,2.796,3.691,0.42,0.396,3.53E-02,7.20E-03,4.82E-02,2.77E-02,5.17E-02,2.70E-02,5.18E-02,-5.27E-02,1.92E-02,2.91E-02,1.79E-02,2.29E-02,-0.013,0.062,0.002,0,0.038,0.039,0.038,0.038,0.038,0.038,0.039,2.05E-02
MAPbBr3,Ga,-0.952,0.548,0.893,2.815,1.765,1.198,2.83E-02,4.68E-02,2.37E-02,2.20E-02,3.41E-02,2.84E-02,3.40E-02,9.10E-03,3.65E-02,2.37E-02,2.69E-02,3.43E-02,0.026,0.023,0.019,0.008,0.042,0.034,0.039,0.038,0.036,0.037,0.038,2.06E-02
MAPbCl3,La,-0.953,2.485,3.197,3.918,3.365,3.81,5.65E-02,1.08E-02,4.43E-02,4.39E-02,3.38E-02,2.64E-02,4.52E-02,1.57E-02,2.22E-02,4.37E-02,2.69E-02,3.43E-02,0.079,0.063,0.056,0.048,0.036,0.039,0.036,0.038,0.038,0.039,0.035,2.10E-02
MAPbI3,Ca,-0.886,-0.365,2.188,2.679,0.089,0.09,2.83E-02,7.20E-03,3.82E-02,1.27E-02,4.71E-02,2.90E-02,4.75E-02,-4.89E-02,2.02E-02,1.53E-02,1.79E-02,2.29E-02,0.005,0.06,0.001,0,0.04,0.042,0.04,0.038,0.038,0.038,0.046,2.11E-02
MAPbBrCl,Br,-0.999,-0.344,0.517,1.865,1.214,5.8,2.83E-02,6.12E-02,7.49E-02,2.52E-02,3.09E-02,5.60E-02,2.75E-02,1.02E-01,5.97E-02,2.68E-02,6.27E-02,1.14E-02,-0.014,-0.005,0.01,0.049,0.034,0.037,0.041,0.038,0.039,0.038,0.036,2.12E-02
MAPbCl3,Ce,-1.046,2.414,3.073,3.818,3.461,3.906,5.65E-02,1.44E-02,4.36E-02,4.42E-02,4.47E-02,2.59E-02,4.40E-02,1.57E-02,2.26E-02,4.44E-02,3.59E-02,3.43E-02,0.077,0.061,0.054,0.046,0.036,0.039,0.036,0.038,0.038,0.039,0.035,2.14E-02
MAPbBrCl,Y,-0.858,2.233,2.897,3.403,3.243,1.679,3.53E-02,1.08E-02,3.90E-02,2.81E-02,4.38E-02,3.02E-02,4.36E-02,0.00E+00,2.46E-02,2.99E-02,2.69E-02,3.43E-02,0.075,0.06,0.055,0.023,0.036,0.038,0.037,0.038,0.038,0.038,0.036,2.18E-02
MAPbCl3,Pr,-1.067,2.369,3.039,3.794,3.38,3.825,5.65E-02,1.80E-02,4.32E-02,4.45E-02,4.47E-02,2.57E-02,4.41E-02,1.57E-02,2.28E-02,4.52E-02,2.69E-02,3.43E-02,0.076,0.061,0.054,0.046,0.036,0.038,0.035,0.038,0.038,0.039,0.034,2.19E-02
MAPbCl3,Nd,-1.085,2.339,3.024,3.767,3.305,3.75,5.65E-02,2.16E-02,4.93E-02,4.55E-02,4.44E-02,2.60E-02,4.39E-02,1.57E-02,2.30E-02,4.60E-02,2.69E-02,3.43E-02,0.076,0.06,0.054,0.046,0.036,0.038,0.035,0.038,0.038,0.039,0.033,2.24E-02
MAPbBrCl,Ru,-0.58,-0.04,2.409,3.337,3.03,6.086,3.53E-02,2.88E-02,2.37E-02,3.19E-02,3.38E-02,3.49E-02,3.19E-02,3.45E-02,4.44E-02,3.37E-02,7.17E-02,3.43E-02,0.006,0.016,0.043,0.067,0.039,0.035,0.034,0.038,0.038,0.038,0.033,2.24E-02
MAPbI3,Sc,-0.699,1.551,2.218,2.718,-0.201,0.079,2.83E-02,1.08E-02,2.87E-02,1.42E-02,3.90E-02,3.10E-02,3.87E-02,5.68E-03,2.74E-02,1.61E-02,2.69E-02,3.43E-02,0.039,0.049,0.001,0.004,0.039,0.042,0.039,0.038,0.038,0.038,0.043,2.24E-02
MAPbBrCl,Tc,-0.553,0.458,2.857,3.564,2.281,5.249,3.53E-02,2.52E-02,2.14E-02,3.09E-02,3.44E-02,3.45E-02,3.27E-02,2.20E-02,3.83E-02,3.29E-02,6.27E-02,8.00E-02,0.017,0.028,0.034,0.055,0.038,0.036,0.035,0.038,0.038,0.038,0.034,2.26E-02
MAPbBr3,Ge,-1.177,-0.501,2.38,3.036,1.385,1.042,2.83E-02,5.04E-02,2.03E-02,2.29E-02,3.30E-02,3.74E-02,3.30E-02,3.76E-02,4.05E-02,2.45E-02,3.59E-02,4.57E-02,0.011,0.033,0.018,0.01,0.039,0.038,0.037,0.038,0.037,0.037,0.038,2.26E-02
MAPbBrCl,Zr,0.475,2.188,2.887,3.592,5.312,2.208,3.53E-02,1.44E-02,3.21E-02,2.88E-02,3.92E-02,3.24E-02,3.86E-02,1.57E-02,2.68E-02,3.06E-02,3.59E-02,4.57E-02,0.052,0.045,0.062,0.02,0.036,0.037,0.036,0.038,0.038,0.038,0.033,2.27E-02
MAPbBrCl,Rh,-1.344,-0.365,1.456,3.611,2.384,5.44,3.53E-02,3.24E-02,2.56E-02,3.25E-02,3.38E-02,3.54E-02,3.24E-02,3.76E-02,4.60E-02,3.45E-02,5.38E-02,3.43E-02,-0.001,0.006,0.025,0.053,0.04,0.032,0.035,0.038,0.038,0.038,0.032,2.28E-02
MAPbCl3,Pm,-1.111,2.302,2.996,3.744,2.92,3.365,5.65E-02,2.52E-02,4.17E-02,4.58E-02,4.41E-02,2.63E-02,4.36E-02,1.57E-02,2.28E-02,4.67E-02,2.69E-02,3.43E-02,0.075,0.06,0.049,0.042,0.036,0.038,0.035,0.038,0.038,0.039,0.033,2.29E-02
MAPbBrCl,Nb,-0.433,1.36,2.893,3.624,4.705,3.497,3.53E-02,1.80E-02,2.45E-02,2.93E-02,3.63E-02,3.26E-02,3.44E-02,3.01E-02,3.23E-02,3.14E-02,4.48E-02,5.71E-02,0.033,0.039,0.055,0.031,0.036,0.036,0.034,0.038,0.038,0.038,0.031,2.30E-02
MAPbBr3,As,-0.88,0.95,1.982,2.944,2.032,2.992,2.83E-02,5.40E-02,2.22E-02,2.37E-02,3.25E-02,4.65E-02,3.35E-02,2.41E-02,4.35E-02,2.53E-02,4.48E-02,3.43E-02,0.033,0.026,0.02,0.025,0.039,0.037,0.037,0.038,0.038,0.037,0.037,2.36E-02
MAPbI3,Ti,-1.115,0.537,2.176,2.71,0.598,1.608,2.83E-02,1.44E-02,2.33E-02,1.51E-02,3.57E-02,3.23E-02,3.49E-02,6.27E-03,3.10E-02,1.68E-02,3.59E-02,4.57E-02,0.013,0.039,0.012,0.02,0.038,0.041,0.038,0.038,0.038,0.038,0.041,2.40E-02
MAPbBrCl,Mo,-1.071,1.301,2.654,3.269,2.047,4.834,3.53E-02,2.16E-02,2.26E-02,3.03E-02,3.52E-02,3.36E-02,3.28E-02,3.01E-02,4.35E-02,3.22E-02,5.38E-02,6.86E-02,0.027,0.021,0.03,0.052,0.035,0.036,0.035,0.038,0.038,0.038,0.031,2.42E-02
MAPbBrCl,Cd,-0.997,-0.524,2.472,3.152,0.319,0.932,3.53E-02,4.32E-02,3.63E-02,3.55E-02,3.82E-02,4.26E-02,3.59E-02,0.00E+00,3.41E-02,3.68E-02,1.79E-02,2.29E-02,-0.019,0.007,0.004,0.01,0.039,0.035,0.035,0.038,0.038,0.038,0.033,2.47E-02
MAPbBr3,Rb,-1.414,-0.821,-0.214,2.582,0.687,2.059,3.53E-02,3.60E-03,6.15E-02,2.70E-02,5.85E-02,1.98E-02,5.98E-02,1.47E-02,1.65E-02,2.83E-02,3.59E-02,1.14E-02,-0.008,0.001,0.011,0.023,0.041,0.044,0.04,0.038,0.039,0.037,0.045,2.50E-02
MAPbCl3,Ir,-0.154,0.491,2.25,3.696,3.89,7.386,4.24E-02,3.24E-02,2.41E-02,6.07E-02,3.44E-02,4.32E-02,3.27E-02,4.70E-02,4.44E-02,5.90E-02,2.69E-02,4.57E-02,0.006,0.023,0.051,0.077,0.041,0.03,0.04,0.038,0.038,0.037,0.033,2.51E-02
MAPbI3,V,-1.027,-0.113,2.132,2.623,0.329,2.364,2.83E-02,1.80E-02,2.06E-02,1.61E-02,3.30E-02,3.19E-02,3.18E-02,1.57E-02,3.29E-02,1.76E-02,4.48E-02,5.71E-02,0.003,0.028,0.009,0.029,0.038,0.04,0.039,0.038,0.038,0.038,0.039,2.56E-02
MAPbCl3,Os,-0.851,0.443,2.993,3.785,4.659,8.155,4.24E-02,2.88E-02,2.41E-02,6.01E-02,3.41E-02,4.12E-02,3.23E-02,3.45E-02,4.44E-02,5.82E-02,7.17E-02,4.57E-02,0.017,0.038,0.065,0.087,0.039,0.033,0.038,0.038,0.038,0.037,0.034,2.60E-02
MAPbBrCl,Pd,-1.009,-0.346,1.104,3.216,1.278,4.334,3.53E-02,3.60E-02,2.45E-02,3.36E-02,3.46E-02,3.95E-02,3.31E-02,1.88E-02,4.44E-02,3.52E-02,3.59E-02,2.29E-02,-0.01,-0.008,0.017,0.047,0.036,0.034,0.035,0.038,0.038,0.038,0.03,2.62E-02
MAPbBrCl,Sn,-1.029,-0.246,2.708,3.379,1.229,0.428,3.53E-02,5.04E-02,2.71E-02,3.75E-02,3.82E-02,3.48E-02,3.91E-02,3.79E-02,3.95E-02,3.83E-02,3.59E-02,4.57E-02,0.036,0.05,0.019,0.004,0.038,0.038,0.038,0.038,0.038,0.038,0.038,2.66E-02
MAPbBrCl,In,-0.847,0.607,1.378,3.051,1.178,0.789,3.53E-02,4.68E-02,3.06E-02,3.63E-02,3.90E-02,2.74E-02,4.00E-02,9.10E-03,3.59E-02,3.75E-02,2.69E-02,3.43E-02,0.019,0.015,0.017,0.007,0.037,0.037,0.037,0.038,0.038,0.038,0.035,2.66E-02
MAPbBrCl,Ag,-0.684,-0.532,0.43,3.239,0.399,3.455,3.53E-02,3.96E-02,4.40E-02,3.41E-02,3.63E-02,3.59E-02,3.48E-02,3.94E-02,3.89E-02,3.60E-02,1.79E-02,1.14E-02,-0.018,-0.015,0.006,0.038,0.035,0.036,0.035,0.038,0.038,0.038,0.031,2.69E-02
MAPbCl3,Hg,-1.467,-0.656,1.797,2.852,0.195,2.584,4.24E-02,4.32E-02,3.90E-02,6.33E-02,4.03E-02,4.94E-02,3.86E-02,0.00E+00,4.03E-02,6.13E-02,1.79E-02,2.29E-02,-0.025,0.008,0.001,0.027,0.04,0.033,0.037,0.038,0.038,0.039,0.034,2.70E-02
MAPbI3,Cr,-0.961,-0.066,1.733,2.74,0.552,2.587,2.83E-02,2.16E-02,2.37E-02,1.64E-02,3.19E-02,3.21E-02,3.01E-02,2.01E-02,3.35E-02,1.84E-02,5.38E-02,3.43E-02,0.01,0.008,0.012,0.031,0.037,0.04,0.038,0.038,0.038,0.038,0.038,2.71E-02
MAPbBr3,Sr,-1.24,-0.555,2.373,2.947,0.19,0.112,3.53E-02,7.20E-03,4.82E-02,2.77E-02,5.17E-02,2.70E-02,5.18E-02,-5.27E-02,1.92E-02,2.91E-02,1.79E-02,2.29E-02,-0.008,0.061,0.001,0,0.039,0.04,0.039,0.038,0.038,0.037,0.042,2.72E-02
MAPbBr3,Se,-0.624,0.092,1.354,2.546,1.806,3.861,2.83E-02,5.76E-02,1.91E-02,2.49E-02,3.14E-02,4.62E-02,3.37E-02,6.11E-02,5.14E-02,2.60E-02,5.38E-02,4.57E-02,0.007,0.005,0.013,0.032,0.035,0.038,0.038,0.038,0.038,0.037,0.034,2.72E-02
MAPbCl3,Pt,-1.262,0.007,1.977,3.785,2.391,5.887,4.24E-02,3.60E-02,2.41E-02,6.16E-02,3.52E-02,4.27E-02,3.33E-02,6.44E-02,4.60E-02,5.97E-02,3.59E-02,4.57E-02,0.003,0.01,0.034,0.064,0.038,0.032,0.037,0.038,0.038,0.039,0.03,2.75E-02
MAPbBrCl,Cs,-1.538,-0.845,0.018,3.445,1.083,2.259,4.24E-02,3.60E-03,6.65E-02,4.20E-02,6.36E-02,1.84E-02,6.44E-02,1.43E-02,1.59E-02,4.21E-02,8.96E-03,1.14E-02,-0.014,-0.008,0.018,0.029,0.04,0.044,0.038,0.038,0.042,0.034,0.047,2.77E-02
MAPbBrCl,Sb,-0.359,1.46,2.51,3.158,2.085,2.298,3.53E-02,5.40E-02,2.90E-02,3.84E-02,3.79E-02,4.09E-02,3.83E-02,3.17E-02,4.13E-02,3.91E-02,4.48E-02,3.43E-02,0.038,0.03,0.026,0.02,0.037,0.038,0.037,0.038,0.038,0.038,0.036,2.83E-02
MAPbCl3,Ta,0.011,2.122,3.043,3.736,7.159,4.786,4.24E-02,1.80E-02,2.45E-02,5.71E-02,3.63E-02,3.74E-02,3.45E-02,1.88E-02,3.02E-02,5.59E-02,4.48E-02,5.71E-02,0.045,0.036,0.105,0.055,0.034,0.035,0.034,0.038,0.038,0.039,0.028,2.85E-02
MAPbCl3,Hf,1.169,2.048,2.945,3.575,6.166,2.262,4.24E-02,1.44E-02,3.17E-02,5.64E-02,3.90E-02,3.15E-02,3.77E-02,0.00E+00,2.62E-02,5.51E-02,3.59E-02,4.57E-02,0.064,0.051,0.1,0.035,0.034,0.036,0.035,0.038,0.038,0.039,0.029,2.86E-02
MAPbBr3,Tc,0.116,1.832,1.832,3.334,2.739,5.561,3.53E-02,2.52E-02,2.14E-02,3.09E-02,3.44E-02,3.45E-02,3.27E-02,2.20E-02,3.83E-02,3.29E-02,6.27E-02,8.00E-02,0.016,0.027,0.03,0.053,0.041,0.037,0.035,0.038,0.038,0.037,0.037,2.87E-02
MAPbBr3,Y,-0.484,2.345,2.92,3.477,3.005,1.477,3.53E-02,1.08E-02,3.90E-02,2.81E-02,4.38E-02,3.02E-02,4.36E-02,0.00E+00,2.46E-02,2.99E-02,2.69E-02,3.43E-02,0.073,0.059,0.051,0.023,0.037,0.04,0.038,0.038,0.038,0.038,0.039,2.88E-02
MAPbCl3,W,-0.906,2.096,3.027,3.818,6.362,6.566,4.24E-02,2.16E-02,2.29E-02,5.81E-02,3.52E-02,3.78E-02,3.30E-02,1.88E-02,4.76E-02,5.67E-02,5.38E-02,6.86E-02,0.042,0.034,0.095,0.075,0.034,0.035,0.035,0.038,0.038,0.039,0.029,2.89E-02
MAPbBrCl,Ba,-1.625,-0.776,2.764,3.698,0.662,0.638,4.24E-02,7.20E-03,5.43E-02,4.34E-02,5.36E-02,2.47E-02,5.35E-02,-1.63E-02,1.79E-02,4.29E-02,1.79E-02,2.29E-02,-0.009,0.063,0.005,0.002,0.039,0.041,0.039,0.038,0.039,0.037,0.044,2.89E-02
MAPbBr3,Ru,-0.455,1.743,1.743,3.24,3.533,6.355,3.53E-02,2.88E-02,2.37E-02,3.19E-02,3.38E-02,3.49E-02,3.19E-02,3.45E-02,4.44E-02,3.37E-02,7.17E-02,3.43E-02,0.008,0.011,0.049,0.068,0.042,0.035,0.032,0.038,0.038,0.037,0.035,2.89E-02
MAPbCl3,Re,-0.464,1.225,2.89,3.701,4.553,7.397,4.24E-02,2.52E-02,2.03E-02,5.88E-02,3.46E-02,3.73E-02,3.30E-02,4.39E-03,3.83E-02,5.74E-02,6.27E-02,8.00E-02,0.033,0.027,0.065,0.081,0.035,0.035,0.036,0.038,0.038,0.039,0.031,2.89E-02
MAPbBr3,Br,-1.193,-0.479,0.415,1.423,1.112,5.384,2.83E-02,6.12E-02,7.49E-02,2.52E-02,3.09E-02,5.60E-02,2.75E-02,1.02E-01,5.97E-02,2.68E-02,6.27E-02,1.14E-02,-0.014,-0.012,0.009,0.053,0.033,0.038,0.048,0.038,0.039,0.037,0.042,2.91E-02
MAPbI3,Mn,-1.055,-0.405,2.17,2.67,0.094,1.787,2.83E-02,2.52E-02,2.56E-02,1.73E-02,3.17E-02,3.52E-02,2.99E-02,0.00E+00,3.13E-02,1.91E-02,6.27E-02,4.57E-02,0.011,0.025,0.003,0.021,0.036,0.039,0.044,0.038,0.038,0.038,0.041,2.94E-02
MAPbBrCl,Te,-0.526,0.658,1.894,2.297,2.442,3.297,3.53E-02,5.76E-02,3.71E-02,4.03E-02,3.68E-02,4.27E-02,3.86E-02,5.96E-02,4.23E-02,3.98E-02,5.38E-02,4.57E-02,0.022,0.018,0.017,0.028,0.036,0.038,0.038,0.038,0.038,0.038,0.036,2.95E-02
MAPbBrCl,I,-1.076,-0.175,0.719,1.253,0.865,3.748,3.53E-02,6.12E-02,8.41E-02,4.01E-02,3.60E-02,4.95E-02,3.21E-02,9.26E-02,5.36E-02,4.06E-02,6.27E-02,1.14E-02,0.001,0.006,0.003,0.036,0.036,0.038,0.042,0.038,0.039,0.038,0.04,2.98E-02
MAPbCl3,Pb,-1.394,-0.54,3.02,3.738,0,0,4.24E-02,5.04E-02,4.55E-02,6.54E-02,3.98E-02,3.51E-02,4.22E-02,3.45E-02,4.70E-02,6.28E-02,3.59E-02,2.29E-02,0.004,0.042,0,0,0.037,0.038,0.037,0.038,0.038,0.038,0.035,3.00E-02
MAPbBr3,Zr,1.009,2.526,2.526,3.474,3.266,2.129,3.53E-02,1.44E-02,3.21E-02,2.88E-02,3.92E-02,3.24E-02,3.86E-02,1.57E-02,2.68E-02,3.06E-02,3.59E-02,4.57E-02,0.051,0.044,0.044,0.022,0.037,0.038,0.037,0.038,0.038,0.037,0.036,3.01E-02
MAPbBr3,Nb,0.211,2.221,2.221,3.408,4.142,3.912,3.53E-02,1.80E-02,2.45E-02,2.93E-02,3.63E-02,3.26E-02,3.44E-02,3.01E-02,3.23E-02,3.14E-02,4.48E-02,5.71E-02,0.04,0.032,0.037,0.026,0.038,0.036,0.035,0.038,0.037,0.037,0.034,3.01E-02
MAPbCl3,Tl,-0.671,-0.292,0.692,3.643,0.172,1.533,4.24E-02,4.68E-02,6.08E-02,6.45E-02,4.01E-02,2.89E-02,4.12E-02,9.41E-03,4.11E-02,6.20E-02,2.69E-02,1.14E-02,0.001,0,0.001,0.016,0.036,0.037,0.037,0.038,0.038,0.038,0.034,3.04E-02
MAPbBr3,Rh,-0.935,1.344,1.344,3.189,2.886,5.708,3.53E-02,3.24E-02,2.56E-02,3.25E-02,3.38E-02,3.54E-02,3.24E-02,3.76E-02,4.60E-02,3.45E-02,5.38E-02,3.43E-02,0.002,0.001,0.023,0.048,0.041,0.034,0.033,0.038,0.038,0.037,0.032,3.05E-02
MAPbCl3,Bi,-1.118,1.579,2.747,3.592,2.143,1.878,4.24E-02,5.40E-02,3.94E-02,6.60E-02,3.95E-02,3.45E-02,4.10E-02,3.45E-02,4.07E-02,6.36E-02,4.48E-02,3.43E-02,0.044,0.035,0.026,0.017,0.036,0.038,0.037,0.038,0.038,0.038,0.035,3.06E-02
MAPbBr3,Cd,-0.959,0.164,1.907,3.171,0.645,1.23,3.53E-02,4.32E-02,3.63E-02,3.55E-02,3.82E-02,4.26E-02,3.59E-02,0.00E+00,3.41E-02,3.68E-02,1.79E-02,2.29E-02,-0.011,0.012,0.004,0.009,0.043,0.035,0.035,0.038,0.038,0.037,0.036,3.10E-02
MAPbBrCl,La,-0.762,2.368,2.979,3.524,3.981,3.986,5.65E-02,1.08E-02,4.43E-02,4.39E-02,3.38E-02,2.64E-02,4.52E-02,1.57E-02,2.22E-02,4.37E-02,2.69E-02,3.43E-02,0.077,0.061,0.045,0.036,0.037,0.039,0.037,0.038,0.038,0.038,0.037,3.11E-02
MAPbCl3,Au,-1.32,-0.5,0.217,3.7,1.348,4.844,4.24E-02,3.96E-02,3.25E-02,6.22E-02,3.63E-02,4.37E-02,3.48E-02,6.99E-02,5.12E-02,6.05E-02,2.69E-02,3.43E-02,-0.013,-0.01,0.017,0.051,0.034,0.035,0.034,0.038,0.038,0.039,0.028,3.11E-02
MAPbBr3,Mo,-0.51,2.137,2.137,3.233,2.361,5.183,3.53E-02,2.16E-02,2.26E-02,3.03E-02,3.52E-02,3.36E-02,3.28E-02,3.01E-02,4.35E-02,3.22E-02,5.38E-02,6.86E-02,0.024,0.019,0.028,0.052,0.036,0.038,0.036,0.038,0.038,0.037,0.034,3.21E-02
MAPbI3,Ge,-1.045,-0.299,2.201,2.818,0.344,0.944,2.83E-02,5.04E-02,2.03E-02,2.29E-02,3.30E-02,3.74E-02,3.30E-02,3.76E-02,4.05E-02,2.45E-02,3.59E-02,4.57E-02,0.017,0.033,0.004,0.01,0.039,0.042,0.041,0.038,0.038,0.038,0.044,3.47E-02
MAPbBr3,In,-0.887,0.363,1.229,2.87,1.356,0.734,3.53E-02,4.68E-02,3.06E-02,3.63E-02,3.90E-02,2.74E-02,4.00E-02,9.10E-03,3.59E-02,3.75E-02,2.69E-02,3.43E-02,0.019,0.015,0.017,0.006,0.039,0.038,0.037,0.038,0.038,0.037,0.038,3.47E-02
MAPbI3,Rb,-1.581,-0.631,-0.102,2.305,0.95,1.822,3.53E-02,3.60E-03,6.15E-02,2.70E-02,5.85E-02,1.98E-02,5.98E-02,1.47E-02,1.65E-02,2.83E-02,3.59E-02,1.14E-02,0.006,0.012,0.012,0.018,0.045,0.045,0.044,0.04,0.039,0.036,0.06,3.47E-02
MAPbBr3,Sn,-1.16,-0.421,2.351,2.976,1.058,0.377,3.53E-02,5.04E-02,2.71E-02,3.75E-02,3.82E-02,3.48E-02,3.91E-02,3.79E-02,3.95E-02,3.83E-02,3.59E-02,4.57E-02,0.048,0.058,0.014,0.004,0.039,0.039,0.038,0.038,0.038,0.037,0.041,3.50E-02
MAPbI3,Ga,-0.732,0.266,0.93,2.615,1.046,1.05,2.83E-02,4.68E-02,2.37E-02,2.20E-02,3.41E-02,2.84E-02,3.40E-02,9.10E-03,3.65E-02,2.37E-02,2.69E-02,3.43E-02,0.019,0.015,0.011,0.009,0.037,0.04,0.042,0.038,0.038,0.038,0.043,3.52E-02
MAPbBr3,Pd,-0.647,0.776,0.776,2.945,2.16,4.982,3.53E-02,3.60E-02,2.45E-02,3.36E-02,3.46E-02,3.95E-02,3.31E-02,1.88E-02,4.44E-02,3.52E-02,3.59E-02,2.29E-02,-0.01,-0.008,0.018,0.045,0.036,0.036,0.034,0.038,0.037,0.037,0.03,3.52E-02
MAPbBr3,Ag,-0.942,0.119,0.119,3.066,0.855,3.677,3.53E-02,3.96E-02,4.40E-02,3.41E-02,3.63E-02,3.59E-02,3.48E-02,3.94E-02,3.89E-02,3.60E-02,1.79E-02,1.14E-02,-0.013,-0.011,0.007,0.036,0.037,0.037,0.035,0.038,0.037,0.037,0.033,3.53E-02
MAPbBrCl,Gd,-0.861,2.257,2.901,3.448,3.755,3.76,5.65E-02,3.60E-02,4.01E-02,4.97E-02,4.36E-02,2.91E-02,4.34E-02,1.57E-02,2.42E-02,4.90E-02,2.69E-02,3.43E-02,0.073,0.058,0.044,0.035,0.036,0.038,0.036,0.038,0.038,0.038,0.034,3.61E-02
MAPbI3,As,-0.722,0.802,1.958,2.736,1.052,2.286,2.83E-02,5.40E-02,2.22E-02,2.37E-02,3.25E-02,4.65E-02,3.35E-02,2.41E-02,4.35E-02,2.53E-02,4.48E-02,3.43E-02,0.024,0.026,0.009,0.02,0.038,0.04,0.038,0.038,0.038,0.038,0.04,3.62E-02
MAPbBr3,Cs,-1.432,-0.848,-0.215,2.528,1.226,2.244,4.24E-02,3.60E-03,6.65E-02,4.20E-02,6.36E-02,1.84E-02,6.44E-02,1.43E-02,1.59E-02,4.21E-02,8.96E-03,1.14E-02,-0.004,0.003,0.014,0.022,0.042,0.047,0.038,0.038,0.046,0.037,0.05,3.63E-02
MAPbI3,Fe,-0.975,-0.373,1.947,2.689,0.836,2.871,2.83E-02,2.88E-02,2.10E-02,1.76E-02,3.17E-02,3.73E-02,2.99E-02,7.53E-03,3.69E-02,1.99E-02,5.38E-02,3.43E-02,0.008,0.036,0.012,0.031,0.03,0.048,0.047,0.038,0.038,0.041,0.044,3.64E-02
MAPbI3,Co,-0.897,-0.438,0.344,2.396,3.915,5.95,2.83E-02,3.24E-02,2.48E-02,1.86E-02,3.14E-02,3.72E-02,3.02E-02,2.20E-02,3.79E-02,2.07E-02,2.69E-02,2.29E-02,0.005,0.004,0.059,0.067,0.031,0.044,0.045,0.038,0.038,0.043,0.044,3.65E-02
MAPbBrCl,Tb,-0.838,2.241,2.897,3.444,3.811,3.816,5.65E-02,3.96E-02,4.51E-02,5.02E-02,4.30E-02,2.77E-02,4.30E-02,1.57E-02,2.42E-02,4.98E-02,3.59E-02,3.43E-02,0.073,0.058,0.044,0.035,0.036,0.038,0.036,0.038,0.038,0.038,0.033,3.68E-02
MAPbI3,Br,-0.732,-0.177,0.675,1.991,0.95,2.985,2.83E-02,6.12E-02,7.49E-02,2.52E-02,3.09E-02,5.60E-02,2.75E-02,1.02E-01,5.97E-02,2.68E-02,6.27E-02,1.14E-02,0.004,0.015,0.007,0.027,0.039,0.041,0.039,0.038,0.038,0.038,0.044,3.73E-02
MAPbBr3,Sb,-0.822,1.235,2.214,2.989,1.751,2.12,3.53E-02,5.40E-02,2.90E-02,3.84E-02,3.79E-02,4.09E-02,3.83E-02,3.17E-02,4.13E-02,3.91E-02,4.48E-02,3.43E-02,0.036,0.03,0.018,0.018,0.037,0.039,0.037,0.038,0.038,0.037,0.038,3.75E-02
MAPbI3,Ni,-0.821,-0.226,1.172,2.93,1.736,3.771,2.83E-02,3.60E-02,2.64E-02,1.85E-02,3.11E-02,3.62E-02,3.00E-02,3.48E-02,3.85E-02,2.14E-02,2.69E-02,2.29E-02,0.008,0.013,0.021,0.038,0.031,0.046,0.045,0.038,0.038,0.042,0.043,3.77E-02
MAPbBrCl,Ir,-0.613,0.446,2.087,3.67,4.256,7.312,4.24E-02,3.24E-02,2.41E-02,6.07E-02,3.44E-02,4.32E-02,3.27E-02,4.70E-02,4.44E-02,5.90E-02,2.69E-02,4.57E-02,0.009,0.016,0.056,0.077,0.041,0.032,0.036,0.038,0.038,0.037,0.032,3.81E-02
MAPbBr3,Ba,-1.271,-0.589,2.304,2.893,0.442,0.364,4.24E-02,7.20E-03,5.43E-02,4.34E-02,5.36E-02,2.47E-02,5.35E-02,-1.63E-02,1.79E-02,4.29E-02,1.79E-02,2.29E-02,-0.004,0.062,0.004,0.002,0.04,0.042,0.04,0.038,0.039,0.037,0.047,3.82E-02
MAPbBrCl,Os,-0.707,0.479,2.704,3.634,5.088,8.144,4.24E-02,2.88E-02,2.41E-02,6.01E-02,3.41E-02,4.12E-02,3.23E-02,3.45E-02,4.44E-02,5.82E-02,7.17E-02,4.57E-02,0.019,0.027,0.078,0.094,0.04,0.034,0.036,0.038,0.038,0.037,0.033,3.87E-02
MAPbI3,Sr,-0.895,-0.379,2.152,2.664,0.024,0.025,3.53E-02,7.20E-03,4.82E-02,2.77E-02,5.17E-02,2.70E-02,5.18E-02,-5.27E-02,1.92E-02,2.91E-02,1.79E-02,2.29E-02,0.007,0.064,-0.001,-0.001,0.041,0.044,0.041,0.038,0.038,0.037,0.051,3.87E-02
MAPbI3,Se,-0.524,0.043,1.436,2.611,0.924,2.959,2.83E-02,5.76E-02,1.91E-02,2.49E-02,3.14E-02,4.62E-02,3.37E-02,6.11E-02,5.14E-02,2.60E-02,5.38E-02,4.57E-02,0.015,0.012,0.003,0.025,0.037,0.042,0.039,0.038,0.038,0.038,0.041,3.87E-02
MAPbBrCl,Er,-0.822,2.226,2.888,3.474,3.626,3.631,5.65E-02,5.04E-02,3.82E-02,5.28E-02,4.25E-02,2.89E-02,4.24E-02,1.57E-02,2.50E-02,5.21E-02,2.69E-02,3.43E-02,0.074,0.059,0.045,0.036,0.036,0.037,0.035,0.038,0.038,0.038,0.032,3.89E-02
MAPbBrCl,Hg,-0.816,-0.55,1.595,1.595,0.113,2.436,4.24E-02,4.32E-02,3.90E-02,6.33E-02,4.03E-02,4.94E-02,3.86E-02,0.00E+00,4.03E-02,6.13E-02,1.79E-02,2.29E-02,-0.018,0.012,0.001,0.025,0.041,0.033,0.039,0.038,0.038,0.038,0.037,3.90E-02
MAPbI3,Cu,-0.891,-0.437,0.322,2.27,0.903,2.938,2.83E-02,3.96E-02,2.79E-02,2.00E-02,3.17E-02,3.66E-02,3.08E-02,3.71E-02,3.83E-02,2.22E-02,1.79E-02,2.29E-02,0.006,0.004,0.016,0.034,0.031,0.044,0.046,0.038,0.038,0.039,0.043,3.93E-02
MAPbBr3,Te,-0.37,0.343,1.77,2.566,0.801,3.062,3.53E-02,5.76E-02,3.71E-02,4.03E-02,3.68E-02,4.27E-02,3.86E-02,5.96E-02,4.23E-02,3.98E-02,5.38E-02,4.57E-02,0.022,0.017,0,0.025,0.036,0.039,0.039,0.038,0.038,0.037,0.039,3.96E-02
MAPbBrCl,Re,-0.048,1.078,2.805,3.856,4.324,7.38,4.24E-02,2.52E-02,2.03E-02,5.88E-02,3.46E-02,3.73E-02,3.30E-02,4.39E-03,3.83E-02,5.74E-02,6.27E-02,8.00E-02,0.03,0.024,0.073,0.087,0.038,0.036,0.036,0.038,0.038,0.038,0.034,4.01E-02
MAPbBr3,I,-0.944,-0.208,0.795,1.327,1.01,3.659,3.53E-02,6.12E-02,8.41E-02,4.01E-02,3.60E-02,4.95E-02,3.21E-02,9.26E-02,5.36E-02,4.06E-02,6.27E-02,1.14E-02,-0.004,-0.004,0.006,0.033,0.036,0.037,0.048,0.038,0.039,0.037,0.045,4.01E-02
MAPbI3,Y,-0.154,2.108,2.113,2.672,1.647,0.631,3.53E-02,1.08E-02,3.90E-02,2.81E-02,4.38E-02,3.02E-02,4.36E-02,0.00E+00,2.46E-02,2.99E-02,2.69E-02,3.43E-02,0.071,0.057,0.039,0.019,0.04,0.043,0.04,0.038,0.038,0.038,0.045,4.07E-02
MAPbBr3,La,-1.107,2.049,2.792,3.019,1.851,1.622,5.65E-02,1.08E-02,4.43E-02,4.39E-02,3.38E-02,2.64E-02,4.52E-02,1.57E-02,2.22E-02,4.37E-02,2.69E-02,3.43E-02,0.074,0.059,0.034,0.024,0.038,0.04,0.038,0.038,0.038,0.037,0.04,4.12E-02
MAPbBrCl,W,-0.558,1.847,2.928,3.829,5.649,6.732,4.24E-02,2.16E-02,2.29E-02,5.81E-02,3.52E-02,3.78E-02,3.30E-02,1.88E-02,4.76E-02,5.67E-02,5.38E-02,6.86E-02,0.04,0.032,0.095,0.086,0.036,0.035,0.035,0.038,0.038,0.038,0.031,4.14E-02
MAPbBrCl,Ta,0.239,1.903,2.982,3.819,6.697,4.984,4.24E-02,1.80E-02,2.45E-02,5.71E-02,3.63E-02,3.74E-02,3.45E-02,1.88E-02,3.02E-02,5.59E-02,4.48E-02,5.71E-02,0.041,0.033,0.111,0.069,0.035,0.036,0.035,0.038,0.038,0.038,0.031,4.17E-02
MAPbBrCl,Hf,1.069,2.013,2.684,2.671,5.895,2.791,4.24E-02,1.44E-02,3.17E-02,5.64E-02,3.90E-02,3.15E-02,3.77E-02,0.00E+00,2.62E-02,5.51E-02,3.59E-02,4.57E-02,0.061,0.049,0.096,0.05,0.035,0.037,0.036,0.038,0.038,0.038,0.032,4.22E-02
MAPbI3,Zr,0.735,2.019,2.06,2.602,2.643,1.696,3.53E-02,1.44E-02,3.21E-02,2.88E-02,3.92E-02,3.24E-02,3.86E-02,1.57E-02,2.68E-02,3.06E-02,3.59E-02,4.57E-02,0.047,0.042,0.045,0.024,0.039,0.041,0.039,0.038,0.038,0.038,0.043,4.30E-02
MAPbI3,Zn,-1.154,-0.139,1.811,2.573,0.688,1.294,2.83E-02,4.32E-02,2.83E-02,2.06E-02,3.38E-02,4.45E-02,3.21E-02,0.00E+00,3.33E-02,2.30E-02,1.79E-02,2.29E-02,0.005,0.039,-0.001,0.006,0.029,0.049,0.047,0.038,0.038,0.043,0.045,4.33E-02
MAPbBrCl,Pb,-1.6,-0.659,2.748,3.623,0,0,4.24E-02,5.04E-02,4.55E-02,6.54E-02,3.98E-02,3.51E-02,4.22E-02,3.45E-02,4.70E-02,6.28E-02,3.59E-02,2.29E-02,0.005,0.04,0,0,0.038,0.039,0.038,0.038,0.038,0.037,0.039,4.36E-02
MAPbBrCl,Tl,-1.072,-0.433,0.563,3.021,0.047,1.498,4.24E-02,4.68E-02,6.08E-02,6.45E-02,4.01E-02,2.89E-02,4.12E-02,9.41E-03,4.11E-02,6.20E-02,2.69E-02,1.14E-02,0.002,0.002,0.002,0.015,0.037,0.038,0.038,0.038,0.038,0.038,0.037,4.39E-02
MAPbBrCl,Pt,-0.594,0.504,1.768,3.467,2.717,5.773,4.24E-02,3.60E-02,2.41E-02,6.16E-02,3.52E-02,4.27E-02,3.33E-02,6.44E-02,4.60E-02,5.97E-02,3.59E-02,4.57E-02,0,0.004,0.033,0.059,0.037,0.034,0.035,0.038,0.038,0.038,0.03,4.40E-02
MAPbI3,Nb,-0.532,1.271,1.872,2.506,1.312,3.347,3.53E-02,1.80E-02,2.45E-02,2.93E-02,3.63E-02,3.26E-02,3.44E-02,3.01E-02,3.23E-02,3.14E-02,4.48E-02,5.71E-02,0.023,0.039,0.025,0.041,0.038,0.04,0.038,0.038,0.038,0.038,0.04,4.47E-02
MAPbBrCl,Bi,-1.31,1.413,2.667,3.755,1.864,1.805,4.24E-02,5.40E-02,3.94E-02,6.60E-02,3.95E-02,3.45E-02,4.10E-02,3.45E-02,4.07E-02,6.36E-02,4.48E-02,3.43E-02,0.043,0.034,0.024,0.015,0.037,0.039,0.037,0.038,0.038,0.038,0.038,4.53E-02
MAPbBrCl,Au,-1.09,-0.273,0.758,3.148,1.588,4.644,4.24E-02,3.96E-02,3.25E-02,6.22E-02,3.63E-02,4.37E-02,3.48E-02,6.99E-02,5.12E-02,6.05E-02,2.69E-02,3.43E-02,-0.008,-0.007,0.018,0.048,0.035,0.036,0.035,0.038,0.038,0.038,0.03,4.55E-02
MAPbBr3,Sm,-1.421,1.885,2.799,3.622,1.792,1.563,5.65E-02,2.88E-02,4.13E-02,4.75E-02,4.38E-02,2.67E-02,4.34E-02,1.57E-02,2.36E-02,4.75E-02,2.69E-02,3.43E-02,0.07,0.056,0.033,0.023,0.037,0.039,0.037,0.038,0.038,0.037,0.037,4.59E-02
MAPbI3,Mo,-0.104,1.333,1.843,2.466,2.435,4.47,3.53E-02,2.16E-02,2.26E-02,3.03E-02,3.52E-02,3.36E-02,3.28E-02,3.01E-02,4.35E-02,3.22E-02,5.38E-02,6.86E-02,0.027,0.021,0.04,0.053,0.038,0.041,0.038,0.038,0.038,0.038,0.04,4.64E-02
MAPbBr3,Eu,-1.419,1.884,2.795,3.619,1.767,1.538,5.65E-02,3.24E-02,4.09E-02,4.80E-02,5.01E-02,2.69E-02,4.92E-02,1.57E-02,2.42E-02,4.83E-02,2.69E-02,3.43E-02,0.071,0.056,0.033,0.023,0.037,0.039,0.037,0.038,0.037,0.037,0.037,4.69E-02
MAPbI3,Tc,-0.027,0.678,1.984,2.468,2.751,4.786,3.53E-02,2.52E-02,2.14E-02,3.09E-02,3.44E-02,3.45E-02,3.27E-02,2.20E-02,3.83E-02,3.29E-02,6.27E-02,8.00E-02,0.026,0.022,0.048,0.058,0.038,0.041,0.04,0.038,0.038,0.038,0.043,4.70E-02
MAPbBr3,Dy,-0.734,2.064,2.669,3.214,1.671,1.442,5.65E-02,4.32E-02,3.94E-02,5.13E-02,4.30E-02,2.81E-02,4.27E-02,1.57E-02,2.46E-02,5.05E-02,2.69E-02,3.43E-02,0.071,0.057,0.034,0.023,0.037,0.038,0.036,0.038,0.037,0.037,0.035,4.97E-02
MAPbI3,Ru,-0.266,0.38,1.349,2.561,3.363,5.398,3.53E-02,2.88E-02,2.37E-02,3.19E-02,3.38E-02,3.49E-02,3.19E-02,3.45E-02,4.44E-02,3.37E-02,7.17E-02,3.43E-02,0.025,0.022,0.057,0.066,0.036,0.04,0.043,0.038,0.038,0.038,0.042,5.05E-02
MAPbBr3,Hg,-0.961,0.308,0.949,2.528,0.563,2.652,4.24E-02,4.32E-02,3.90E-02,6.33E-02,4.03E-02,4.94E-02,3.86E-02,0.00E+00,4.03E-02,6.13E-02,1.79E-02,2.29E-02,-0.011,0.016,0,0.023,0.043,0.033,0.041,0.038,0.037,0.037,0.04,5.09E-02
MAPbBr3,Ir,-0.355,2.054,2.054,3.401,4.73,7.552,4.24E-02,3.24E-02,2.41E-02,6.07E-02,3.44E-02,4.32E-02,3.27E-02,4.70E-02,4.44E-02,5.90E-02,2.69E-02,4.57E-02,0.012,0.01,0.06,0.077,0.042,0.034,0.032,0.038,0.038,0.037,0.031,5.11E-02
MAPbBr3,Re,0.66,2.14,2.14,3.577,4.818,7.64,4.24E-02,2.52E-02,2.03E-02,5.88E-02,3.46E-02,3.73E-02,3.30E-02,4.39E-03,3.83E-02,5.74E-02,6.27E-02,8.00E-02,0.028,0.022,0.081,0.093,0.04,0.036,0.036,0.038,0.038,0.037,0.036,5.13E-02
MAPbBr3,Os,-0.097,1.971,1.971,3.439,5.556,8.378,4.24E-02,2.88E-02,2.41E-02,6.01E-02,3.41E-02,4.12E-02,3.23E-02,3.45E-02,4.44E-02,5.82E-02,7.17E-02,4.57E-02,0.021,0.016,0.09,0.1,0.041,0.035,0.033,0.038,0.038,0.037,0.032,5.14E-02
MAPbI3,Cs,-0.91,-0.715,-0.062,2.365,1.174,1.955,4.24E-02,3.60E-03,6.65E-02,4.20E-02,6.36E-02,1.84E-02,6.44E-02,1.43E-02,1.59E-02,4.21E-02,8.96E-03,1.14E-02,-0.004,-0.003,0.019,0.023,0.044,0.047,0.045,0.038,0.038,0.028,0.059,5.17E-02
MAPbI3,Rh,-0.556,0.799,0.799,2.369,2.717,4.752,3.53E-02,3.24E-02,2.56E-02,3.25E-02,3.38E-02,3.54E-02,3.24E-02,3.76E-02,4.60E-02,3.45E-02,5.38E-02,3.43E-02,0.007,0.005,0.042,0.054,0.036,0.038,0.039,0.038,0.038,0.038,0.037,5.19E-02
MAPbI3,Ag,-0.595,-0.302,-0.302,2.238,0.663,2.698,3.53E-02,3.96E-02,4.40E-02,3.41E-02,3.63E-02,3.59E-02,3.48E-02,3.94E-02,3.89E-02,3.60E-02,1.79E-02,1.14E-02,0.003,0.002,0.01,0.03,0.038,0.04,0.038,0.038,0.038,0.039,0.04,5.23E-02
MAPbI3,Sn,-1.011,-0.191,2.155,2.76,0.18,0.317,3.53E-02,5.04E-02,2.71E-02,3.75E-02,3.82E-02,3.48E-02,3.91E-02,3.79E-02,3.95E-02,3.83E-02,3.59E-02,4.57E-02,0.027,0.034,0.003,0.004,0.04,0.042,0.04,0.038,0.038,0.038,0.047,5.23E-02
MAPbI3,Pd,-0.635,0.135,0.485,2.41,1.382,3.417,3.53E-02,3.60E-02,2.45E-02,3.36E-02,3.46E-02,3.95E-02,3.31E-02,1.88E-02,4.44E-02,3.52E-02,3.59E-02,2.29E-02,0.003,0.002,0.02,0.037,0.037,0.038,0.037,0.038,0.038,0.039,0.036,5.25E-02
MAPbI3,In,-1.117,0.208,1.206,2.651,0.595,0.599,3.53E-02,4.68E-02,3.06E-02,3.63E-02,3.90E-02,2.74E-02,4.00E-02,9.10E-03,3.59E-02,3.75E-02,2.69E-02,3.43E-02,0.023,0.018,0.006,0.005,0.039,0.042,0.04,0.038,0.038,0.038,0.046,5.29E-02
MAPbI3,Sb,-0.816,0.984,1.953,2.773,1.112,1.691,3.53E-02,5.40E-02,2.90E-02,3.84E-02,3.79E-02,4.09E-02,3.83E-02,3.17E-02,4.13E-02,3.91E-02,4.48E-02,3.43E-02,0.036,0.033,0.01,0.014,0.04,0.042,0.039,0.038,0.038,0.038,0.045,5.36E-02
MAPbBr3,W,0.057,2.393,2.393,3.523,4.769,7.065,4.24E-02,2.16E-02,2.29E-02,5.81E-02,3.52E-02,3.78E-02,3.30E-02,1.88E-02,4.76E-02,5.67E-02,5.38E-02,6.86E-02,0.037,0.03,0.094,0.097,0.038,0.036,0.035,0.038,0.038,0.037,0.033,5.38E-02
MAPbI3,I,-0.642,0.123,1.032,2.075,0.891,4.026,3.53E-02,6.12E-02,8.41E-02,4.01E-02,3.60E-02,4.95E-02,3.21E-02,9.26E-02,5.36E-02,4.06E-02,6.27E-02,1.14E-02,0.014,0.026,0.002,0.036,0.041,0.043,0.04,0.038,0.038,0.038,0.048,5.46E-02
MAPbBr3,Ta,0.684,2.41,2.41,3.368,5.966,5.378,4.24E-02,1.80E-02,2.45E-02,5.71E-02,3.63E-02,3.74E-02,3.45E-02,1.88E-02,3.02E-02,5.59E-02,4.48E-02,5.71E-02,0.037,0.03,0.118,0.084,0.037,0.037,0.035,0.038,0.038,0.037,0.033,5.50E-02
MAPbI3,Ba,-0.906,-0.393,2.105,2.612,0.243,0.244,4.24E-02,7.20E-03,5.43E-02,4.34E-02,5.36E-02,2.47E-02,5.35E-02,-1.63E-02,1.79E-02,4.29E-02,1.79E-02,2.29E-02,0.01,0.065,0.001,0.001,0.043,0.045,0.043,0.038,0.038,0.037,0.057,5.50E-02
MAPbI3,Cd,-0.743,-0.336,1.557,2.351,0.081,0.808,3.53E-02,4.32E-02,3.63E-02,3.55E-02,3.82E-02,4.26E-02,3.59E-02,0.00E+00,3.41E-02,3.68E-02,1.79E-02,2.29E-02,0.005,0.01,0.001,0.009,0.036,0.04,0.044,0.038,0.038,0.038,0.044,5.54E-02
MAPbBr3,Hf,1.311,2.188,2.829,3.44,3.072,2.552,4.24E-02,1.44E-02,3.17E-02,5.64E-02,3.90E-02,3.15E-02,3.77E-02,0.00E+00,2.62E-02,5.51E-02,3.59E-02,4.57E-02,0.059,0.047,0.093,0.065,0.036,0.038,0.037,0.038,0.037,0.037,0.034,5.57E-02
MAPbI3,Te,-0.552,0.301,1.761,2.757,0.903,2.314,3.53E-02,5.76E-02,3.71E-02,4.03E-02,3.68E-02,4.27E-02,3.86E-02,5.96E-02,4.23E-02,3.98E-02,5.38E-02,4.57E-02,0.028,0.022,0.005,0.019,0.039,0.044,0.04,0.038,0.038,0.038,0.046,5.64E-02
MAPbBr3,Pb,-1.208,-0.521,2.347,2.944,0,0,4.24E-02,5.04E-02,4.55E-02,6.54E-02,3.98E-02,3.51E-02,4.22E-02,3.45E-02,4.70E-02,6.28E-02,3.59E-02,2.29E-02,0.007,0.038,0,0,0.04,0.04,0.038,0.038,0.038,0.037,0.042,5.72E-02
MAPbBr3,Tl,-1.142,-0.482,0.506,2.791,0.196,1.452,4.24E-02,4.68E-02,6.08E-02,6.45E-02,4.01E-02,2.89E-02,4.12E-02,9.41E-03,4.11E-02,6.20E-02,2.69E-02,1.14E-02,0.004,0.003,0.002,0.015,0.039,0.039,0.038,0.038,0.038,0.037,0.04,5.75E-02
MAPbI3,La,-0.642,1.86,2.396,3.033,1.849,0.833,5.65E-02,1.08E-02,4.43E-02,4.39E-02,3.38E-02,2.64E-02,4.52E-02,1.57E-02,2.22E-02,4.37E-02,2.69E-02,3.43E-02,0.072,0.058,0.034,0.015,0.041,0.043,0.04,0.038,0.038,0.038,0.048,5.84E-02
MAPbBr3,Bi,-0.845,1.247,2.255,2.967,1.931,1.639,4.24E-02,5.40E-02,3.94E-02,6.60E-02,3.95E-02,3.45E-02,4.10E-02,3.45E-02,4.07E-02,6.36E-02,4.48E-02,3.43E-02,0.042,0.033,0.022,0.014,0.038,0.04,0.038,0.038,0.038,0.037,0.04,6.00E-02
MAPbBr3,Au,-0.693,0.463,0.463,3.136,1.926,4.748,4.24E-02,3.96E-02,3.25E-02,6.22E-02,3.63E-02,4.37E-02,3.48E-02,6.99E-02,5.12E-02,6.05E-02,2.69E-02,3.43E-02,-0.003,-0.003,0.019,0.045,0.036,0.037,0.035,0.038,0.037,0.037,0.032,6.00E-02
MAPbBr3,Pt,-0.413,1.236,1.236,3.209,3.146,5.968,4.24E-02,3.60E-02,2.41E-02,6.16E-02,3.52E-02,4.27E-02,3.33E-02,6.44E-02,4.60E-02,5.97E-02,3.59E-02,4.57E-02,-0.003,-0.002,0.032,0.055,0.036,0.036,0.034,0.038,0.037,0.037,0.03,6.05E-02
MAPbI3,Yb,-0.908,-0.381,2.181,2.69,0.087,0.088,5.65E-02,5.76E-02,0.038,0.055,0.046,0.03,0.047,0.016,2.22E-02,5.36E-02,2.69E-02,3.43E-02,0.006,0.057,0,0,0.04,0.042,0.039,0.038,0.038,0.038,0.045,7.33E-02
MAPbI3,Tm,-0.668,1.776,2.373,2.931,1.717,0.701,5.65E-02,5.40E-02,0.042,0.053,0.042,0.029,0.043,0.016,2.52E-02,5.28E-02,2.69E-02,3.43E-02,0.07,0.056,0.036,0.016,0.039,0.041,0.038,0.038,0.038,0.038,0.042,7.40E-02
MAPbI3,Lu,-0.653,1.766,2.366,2.952,1.694,0.678,4.24E-02,1.08E-02,0.037,0.055,0.042,0.026,0.042,0.016,2.56E-02,5.44E-02,2.69E-02,3.43E-02,0.07,0.056,0.036,0.017,0.039,0.041,0.038,0.038,0.038,0.038,0.042,7.62E-02
MAPbI3,Hf,1.248,2.072,2.076,2.702,3.286,2.209,4.24E-02,1.44E-02,3.17E-02,5.64E-02,3.90E-02,3.15E-02,3.77E-02,0.00E+00,2.62E-02,5.51E-02,3.59E-02,4.57E-02,0.059,0.047,0.061,0.035,0.039,0.041,0.038,0.038,0.038,0.038,0.041,7.78E-02
MAPbI3,Ta,0.427,1.569,1.954,2.668,2.975,4.591,4.24E-02,1.80E-02,2.45E-02,5.71E-02,3.63E-02,3.74E-02,3.45E-02,1.88E-02,3.02E-02,5.59E-02,4.48E-02,5.71E-02,0.036,0.029,0.052,0.058,0.038,0.04,0.038,0.038,0.038,0.038,0.04,8.07E-02
MAPbI3,Re,-0.515,0.981,1.783,2.855,4.642,6.677,4.24E-02,2.52E-02,2.03E-02,5.88E-02,3.46E-02,3.73E-02,3.30E-02,4.39E-03,3.83E-02,5.74E-02,6.27E-02,8.00E-02,0.037,0.029,0.074,0.079,0.038,0.041,0.039,0.038,0.038,0.038,0.042,8.23E-02
MAPbI3,W,-0.603,1.603,1.853,2.502,4.12,6.155,4.24E-02,2.16E-02,2.29E-02,5.81E-02,3.52E-02,3.78E-02,3.30E-02,1.88E-02,4.76E-02,5.67E-02,5.38E-02,6.86E-02,0.037,0.029,0.068,0.074,0.037,0.041,0.038,0.038,0.038,0.038,0.04,8.31E-02
MAPbI3,Pb,-0.814,-0.251,2.181,2.84,0,0.001,4.24E-02,5.04E-02,4.55E-02,6.54E-02,3.98E-02,3.51E-02,4.22E-02,3.45E-02,4.70E-02,6.28E-02,3.59E-02,2.29E-02,0.012,0.037,0,0,0.04,0.043,0.041,0.038,0.038,0.037,0.049,8.47E-02
MAPbI3,Tl,-0.889,-0.272,0.618,2.632,0.204,1.22,4.24E-02,4.68E-02,6.08E-02,6.45E-02,4.01E-02,2.89E-02,4.12E-02,9.41E-03,4.11E-02,6.20E-02,2.69E-02,1.14E-02,0.013,0.01,0.002,0.013,0.04,0.043,0.04,0.038,0.038,0.038,0.048,8.49E-02
MAPbI3,Bi,-0.69,1.058,1.982,2.755,1.205,1.291,4.24E-02,5.40E-02,3.94E-02,6.60E-02,3.95E-02,3.45E-02,4.10E-02,3.45E-02,4.07E-02,6.36E-02,4.48E-02,3.43E-02,0.041,0.035,0.013,0.011,0.04,0.043,0.04,0.038,0.038,0.038,0.048,8.57E-02
MAPbI3,Au,-0.048,0.359,0.403,2.228,1.455,3.49,4.24E-02,3.96E-02,3.25E-02,6.22E-02,3.63E-02,4.37E-02,3.48E-02,6.99E-02,5.12E-02,6.05E-02,2.69E-02,3.43E-02,0.009,0.007,0.021,0.038,0.037,0.04,0.038,0.038,0.038,0.038,0.039,8.89E-02
MAPbI3,Pt,-0.75,0.514,1.591,3.074,2.521,4.556,4.24E-02,3.60E-02,2.41E-02,6.16E-02,3.52E-02,4.27E-02,3.33E-02,6.44E-02,4.60E-02,5.97E-02,3.59E-02,4.57E-02,0.009,0.007,0.04,0.052,0.036,0.038,0.037,0.038,0.038,0.038,0.036,8.98E-02
MAPbI3,Os,-0.27,0.603,1.383,2.442,5.168,7.203,4.24E-02,2.88E-02,2.41E-02,6.01E-02,3.41E-02,4.12E-02,3.23E-02,3.45E-02,4.44E-02,5.82E-02,7.17E-02,4.57E-02,0.026,0.02,0.083,0.086,0.034,0.038,0.043,0.038,0.038,0.038,0.037,9.31E-02
MAPbI3,Ir,-0.728,0.977,1.867,2.881,3.663,5.698,4.24E-02,3.24E-02,2.41E-02,6.07E-02,3.44E-02,4.32E-02,3.27E-02,4.70E-02,4.44E-02,5.90E-02,2.69E-02,4.57E-02,0.022,0.017,0.063,0.07,0.035,0.036,0.042,0.038,0.038,0.038,0.036,9.31E-02
MAPbI3,Hg,-0.594,-0.02,0.993,1.871,-0.04,1.73,4.24E-02,4.32E-02,3.90E-02,6.33E-02,4.03E-02,4.94E-02,3.86E-02,0.00E+00,4.03E-02,6.13E-02,1.79E-02,2.29E-02,0.004,0.021,-0.002,0.018,0.032,0.048,0.046,0.038,0.038,0.04,0.048,1.06E-01